SurfList
Surf
90270.86720,48607.52340,-337.88110,0.00000,0.00000,1.00000
90281.07030,48607.77340,-337.83890,0.00000,0.00000,1.00000
90291.20310,48608.01950,-340.01820,0.00000,0.00000,1.00000
90305.83590,48608.37500,-343.28910,0.00000,0.00000,1.00000
90322.78910,48608.78130,-344.32760,0.00000,0.00000,1.00000
90339.65630,48609.21880,-347.58410,0.00000,0.00000,1.00000
90359.96090,48609.73830,-348.60340,0.00000,0.00000,1.00000
90377.93750,48610.16410,-352.96540,0.00000,0.00000,1.00000
90395.96880,48610.59770,-353.99370,0.00000,0.00000,1.00000
90408.28910,48610.89840,-358.37840,0.00000,0.00000,1.00000
90417.30470,48611.12110,-358.33590,0.00000,0.00000,1.00000
90430.78910,48611.44530,-360.49320,0.00000,0.00000,1.00000
90449.85940,48611.90630,-364.84360,0.00000,0.00000,1.00000
90466.65630,48612.32420,-374.31470,0.00000,0.00000,1.00000
90264.85160,48607.37500,-353.02760,0.00000,0.00000,1.00000
90806.11720,48620.64840,-397.33080,0.00000,0.00000,1.00000
90830.01560,48621.26950,-394.67040,0.00000,0.00000,1.00000
90853.95310,48621.86720,-399.42950,0.00000,0.00000,1.00000
90881.35160,48622.51170,-404.14180,0.00000,0.00000,1.00000
90910.53130,48623.23050,-412.26220,0.00000,0.00000,1.00000
90934.56250,48623.82420,-415.32830,0.00000,0.00000,1.00000
90963.75000,48624.53520,-416.60340,0.00000,0.00000,1.00000
90998.14840,48625.38280,-419.51980,0.00000,0.00000,1.00000
91018.77340,48625.88670,-419.20940,0.00000,0.00000,1.00000
91044.60160,48626.52340,-420.54010,0.00000,0.00000,1.00000
91075.75780,48627.29300,-428.67800,0.00000,0.00000,1.00000
91106.89060,48628.03910,-433.38320,0.00000,0.00000,1.00000
91139.84380,48628.83200,-439.79540,0.00000,0.00000,1.00000
91165.89840,48629.49220,-444.59450,0.00000,0.00000,1.00000
91185.25000,48629.99220,-460.42170,0.00000,0.00000,1.00000
90872.01560,48317.96090,-413.57790,0.00000,0.00000,1.00000
90881.84380,48353.70700,-410.42030,0.00000,0.00000,1.00000
90897.33590,48409.43360,-412.07460,0.00000,0.00000,1.00000
90908.98440,48451.64450,-413.68960,0.00000,0.00000,1.00000
90923.22660,48503.34770,-416.08050,0.00000,0.00000,1.00000
90940.53130,48565.94920,-416.21090,0.00000,0.00000,1.00000
90951.89840,48607.04690,-420.84820,0.00000,0.00000,1.00000
90962.45310,48645.13670,-425.47210,0.00000,0.00000,1.00000
90971.59380,48678.05470,-433.11330,0.00000,0.00000,1.00000
90980.57810,48710.19140,-441.50450,0.00000,0.00000,1.00000
90989.83590,48743.82420,-450.65010,0.00000,0.00000,1.00000
90997.41410,48770.87500,-464.33960,0.00000,0.00000,1.00000
91002.07030,48787.83590,-480.32260,0.00000,0.00000,1.00000
91002.71090,48790.13280,-492.70450,0.00000,0.00000,1.00000
90238.87500,48842.08200,-445.38240,0.00000,0.00000,1.00000
90245.97660,48842.26950,-437.38450,0.00000,0.00000,1.00000
90265.37500,48842.76950,-437.01870,0.00000,0.00000,1.00000
90290.50000,48843.37890,-438.41670,0.00000,0.00000,1.00000
90310.96880,48843.88670,-438.18440,0.00000,0.00000,1.00000
90330.52340,48844.37890,-437.82030,0.00000,0.00000,1.00000
90347.22660,48844.79300,-437.06740,0.00000,0.00000,1.00000
90368.91410,48845.32810,-435.97520,0.00000,0.00000,1.00000
90389.47660,48845.84770,-436.72620,0.00000,0.00000,1.00000
90422.83590,48846.67190,-438.18480,0.00000,0.00000,1.00000
90441.80470,48847.14840,-436.69590,0.00000,0.00000,1.00000
90457.89060,48847.54690,-434.81250,0.00000,0.00000,1.00000
90476.58590,48847.99220,-436.30390,0.00000,0.00000,1.00000
90498.50000,48848.55470,-436.19380,0.00000,0.00000,1.00000
90529.58590,48849.32420,-435.27230,0.00000,0.00000,1.00000
90557.97660,48850.03910,-432.95020,0.00000,0.00000,1.00000
90590.85160,48850.83200,-435.29120,0.00000,0.00000,1.00000
90615.89840,48851.46480,-436.57820,0.00000,0.00000,1.00000
90656.37500,48852.44920,-436.84340,0.00000,0.00000,1.00000
90695.38280,48853.44140,-434.82170,0.00000,0.00000,1.00000
90719.20310,48854.00780,-432.82930,0.00000,0.00000,1.00000
90747.96880,48854.72270,-432.50110,0.00000,0.00000,1.00000
90790.39060,48855.75780,-437.07780,0.00000,0.00000,1.00000
90827.74220,48856.70700,-442.00810,0.00000,0.00000,1.00000
90868.62500,48857.75390,-445.32510,0.00000,0.00000,1.00000
90915.50780,48858.86330,-445.27340,0.00000,0.00000,1.00000
90950.39840,48859.74220,-448.82490,0.00000,0.00000,1.00000
90976.36720,48860.36720,-450.15910,0.00000,0.00000,1.00000
91014.96090,48861.34380,-452.09110,0.00000,0.00000,1.00000
91040.07810,48861.97270,-457.29440,0.00000,0.00000,1.00000
90245.55470,49033.59380,-449.48870,0.00000,0.00000,1.00000
90254.45310,49033.87110,-447.90360,0.00000,0.00000,1.00000
90268.71880,49034.21880,-450.28390,0.00000,0.00000,1.00000
90284.67970,49034.60160,-452.64790,0.00000,0.00000,1.00000
90308.20310,49035.17970,-454.08670,0.00000,0.00000,1.00000
90323.33590,49035.55470,-453.92460,0.00000,0.00000,1.00000
90351.93750,49036.28130,-454.46440,0.00000,0.00000,1.00000
90375.53910,49036.86330,-457.60010,0.00000,0.00000,1.00000
90406.75000,49037.60160,-457.26880,0.00000,0.00000,1.00000
90450.64840,49038.72270,-455.95340,0.00000,0.00000,1.00000
90474.33590,49039.28910,-456.55010,0.00000,0.00000,1.00000
90498.89060,49039.88670,-457.98740,0.00000,0.00000,1.00000
90513.92970,49041.24220,-459.51720,0.00000,0.00000,1.00000
90533.92970,49043.43750,-452.46380,0.00000,0.00000,1.00000
90557.52340,49045.82030,-453.88650,0.00000,0.00000,1.00000
90576.18750,49047.49610,-453.66600,0.00000,0.00000,1.00000
90599.25000,49049.37500,-456.83720,0.00000,0.00000,1.00000
90618.03910,49052.09770,-456.61030,0.00000,0.00000,1.00000
90637.10940,49049.98830,-457.30040,0.00000,0.00000,1.00000
90660.26560,49044.51950,-456.26920,0.00000,0.00000,1.00000
90688.39060,49044.61720,-455.97860,0.00000,0.00000,1.00000
90709.72660,49045.14840,-455.75250,0.00000,0.00000,1.00000
90727.65630,49045.60550,-455.56230,0.00000,0.00000,1.00000
90753.32810,49046.25000,-457.85010,0.00000,0.00000,1.00000
90767.86720,49046.61330,-457.69670,0.00000,0.00000,1.00000
90783.27340,49047.00390,-457.53410,0.00000,0.00000,1.00000
90796.14060,49047.30080,-459.10680,0.00000,0.00000,1.00000
90808.05470,49047.58200,-453.85620,0.00000,0.00000,1.00000
90822.63280,49047.93750,-454.55590,0.00000,0.00000,1.00000
90843.24220,49048.45310,-456.04700,0.00000,0.00000,1.00000
90893.86720,49049.69920,-452.94560,0.00000,0.00000,1.00000
90905.03910,49049.97660,-452.82690,0.00000,0.00000,1.00000
90926.54690,49050.51560,-452.59860,0.00000,0.00000,1.00000
90939.46090,49050.82810,-452.46170,0.00000,0.00000,1.00000
90954.96880,49051.19530,-453.15370,0.00000,0.00000,1.00000
90977.39060,49051.74610,-453.77300,0.00000,0.00000,1.00000
91001.54690,49052.35550,-453.51730,0.00000,0.00000,1.00000
91016.22660,49052.72270,-453.36190,0.00000,0.00000,1.00000
91031.50780,49051.22660,-457.22080,0.00000,0.00000,1.00000
92432.92100,47336.30700,-700.00000,0.00000,0.00000,1.00000
88949.18200,47336.30700,-700.00000,0.00000,0.00000,1.00000
88949.18200,49238.52400,-700.00000,0.00000,0.00000,1.00000
85465.44300,49238.52400,-700.00000,0.00000,0.00000,1.00000
85465.44300,51140.74100,-700.00000,0.00000,0.00000,1.00000
88949.18200,51140.74100,-700.00000,0.00000,0.00000,1.00000
92432.92100,51140.74100,-700.00000,0.00000,0.00000,1.00000
-0.003241296604529262867511185675
0.012526214686757625518809255993
0.000246867261565767858073894292
0.023579934038617914732194336125
-0.002234065776655480301676748311
-0.009223027957423281242288481963
-0.000203072108341040074522970693
0.004871145511915569298322381542
0.000920760017857966475696152031
-0.016569390611769856808122014513
-0.000408817860853361914920400810
0.005218122832669082507284219474
0.000763171594293325151504847614
-0.008793484918137311687202917199
-0.000263684769620230424584661488
0.002085499728264886970530156418
-0.000429873625414278629289221989
-0.007246080408280222359684863420
-0.000220470851734220650228190941
0.000784956603992676793350724562
0.000521841089438971196361183313
-0.006633838143748838761526442909
-0.000243374281259484402965484473
0.001171736334238823078537916622
-0.000568233952740455016371112773
-0.007443700714021238111495204492
-0.000220401372909251064974300860
0.001367365265476620014156727834
0.000513934720025564307013810073
-0.007743869308280375632347336534
-0.000256981063509885648919045531
0.001716446405166925127938615248
-0.001785155613853801849152946879
-0.013676062983391022373491630049
-0.000350742003190218621343221539
0.004206970094919734379224074416
0.002015505025966736474263285572
-0.011782552582658419731975740774
-0.000352440893416130444221190388
0.004450318529175580940793199858
-0.000903362699952915074869119749
-0.005454411841087817604256660076
-0.000146633922457289038324482200
0.000893343713834563401231247948
0.000265228093495705754493313444
-0.011250465801457842224264638276
-0.000309173164340080107621855365
0.002148920164344803734879363333
-0.000739215817972562177357032098
-0.016664160086546715017208342147
-0.000442123757010596456044904112
0.007405670741957919196718496124
0.001316292610021913998472053997
-0.011262912672769860578103617854
-0.000618739719040852669852681434
0.006461319190014922289599930139
0.003572800628507312274695362220
0.011875725474837745682110679013
-0.000089021696929889043573350116
0.026641411594345725671884039798
0.000189262612277668064962588002
0.002304876911897238683096800216
-0.000110773489788696665749555270
0.000360621885400401421747917929
-0.000518555277122980566931187418
-0.001637696838013994468999379173
-0.000034811027665338603088746733
0.000909472465010805722514242166
0.000107124768705789288978508234
-0.006915615360168335216950463717
-0.000161607917732445321859838239
0.001303989198636864308214478037
-0.000073337601550051923697363943
-0.007280593395710020440669829611
-0.000195275834545009205648821715
0.001609318689146621702765194151
0.000083712567193623639355201660
-0.006831353938140579187821010976
-0.000286107612374626068315469629
0.001531727910401772287107835524
-0.000223176739498995600546535356
-0.005806137472399876438278187862
0.001046560613388543498417093680
0.002100365418305798290848906973
-0.001143060684660707248053168605
0.000703999068388299329736279564
-0.003720379888567762558665430461
0.004083907721385835083716120408
0.000071037679304959387986857788
-0.000407645234061636057773525543
-0.001422728132258298987602995744
0.000557312728110921943788791388
-0.000112194203987398333287155150
-0.000623166751840341912906107158
-0.000260116261324649976696687936
-0.000021923506574724967616322677
-0.000166495159852545816271673917
-0.004796365061666025067510510382
-0.000271343959674902649413519296
0.000940865439473805150946694731
0.000092619611654184470393366690
-0.006120396125973981416024116697
-0.000276474334496230379244752218
0.001418382552614033242227575826
-0.000018972757324477327255888431
-0.005131646295011257734308696143
-0.000198014685882403002406548786
0.000903205339491237337544438102
-0.000090095246193317032011582679
-0.006133071291369496594314547622
-0.000200281264098217350782052404
0.001288305544830563699812420175
-0.000753110628027356225622224173
-0.013214528850602183865370342630
-0.000325560798893771848831063531
0.008493724217923884906022991004
0.001012651381558162281756874101
-0.009740606608485049416890078078
-0.000269972485211691080354834416
0.008088764472725299900512929696
0.000061153113600450649534057135
0.000274916915720685689061147938
0.001153354591823600857822262888
0.000095462054788240122225190243
-0.000069889891116432591752598291
0.000217523416234349786790858161
0.000862784891861689330096185646
0.000088172782883744494904047773
-0.000010763458990302439091018075
-0.000205376857298637658559917196
-0.000635579906737140714820255560
0.000020058753492025453740070853
0.000003577478116264829375664730
-0.000276036014294453056674288893
-0.000789988213155495789738469448
0.000034524284521717997660777283
0.000015222307564116689638459429
-0.000295681689363873443244373762
-0.000359147186705560173859697048
0.000033714915427222533206297328
-0.000060780525098616712412549767
-0.000957878275509916536460675029
-0.001083545446110759655558575254
0.000073928359989410176314819645
0.000734271715826968003788810524
-0.000860394575100771803223553835
0.004460398269847367508367241840
0.001611811815695679507218218696
0.000675238992668139516480085849
-0.001478175208283042914650384780
-0.011115324677662749910944661735
0.004279634284599454288611219965
-0.000015991090735354031017413298
-0.001434493419103811777393087112
-0.006365117275645206310064061483
0.001532880595978355995484543328
0.000013398312103796990740907889
-0.001687514955852089304152996441
-0.006636263712559916337629939420
0.001771736424380879497061935801
-0.000253578010314399145998243146
-0.002587463664584284655373336292
-0.009341463669797846897102644448
0.003979787254255230839750101524
-0.000741444224725958936014769129
-0.004522956732697046115798666932
-0.015792663419636691901626335266
0.013054274161741322851648661185
-0.004946988428491890660287921833
-0.004671288749912854906809478450
-0.015506873720813210346114452420
0.048638871877764340567740219967
0.006217429319155301156718529398
-0.002116086682847720737421504111
-0.006347077901040902928042619635
0.037931483587157775738685216993
0.006541487056387694336290206110
0.023303596796697384485597126513
0.000389138323933458751650860119
0.026046222560504032894623804850
-0.006464689358411620720423762521
0.023831287756106222380791948012
0.000395976569288608852992955578
0.025924947749702165200602621553
-0.000162971269372335156181211269
-0.000466896455256553494315291397
-0.000114034123780224608594134617
0.000769807310031108706603608649
0.000116126158093429114430417126
-0.000823793548473966187085937296
-0.000122822914020387260721281497
0.000085162373861727677149847937
0.000021897149256415248492688153
0.000754808792816168117566222318
-0.000091766466890195940385964446
0.000005837896687326006031019260
0.000112440610771699886255743650
0.001821324083215302303689897556
-0.000057314421095809365864093970
0.000082148635564389556047541763
-0.000054249257696906038792548921
0.002501506124388336565339541195
-0.000054545673627480782208812315
0.000139630670021840869090418158
-0.000192420757288386679983299699
0.000273490423149831565850093051
-0.000138162172623576372373563337
0.000120764383885920188006421472
0.000047033462439513191197075492
-0.001532800495137277277044041135
-0.000202138054964083667235097419
0.000098370422373083565566014019
0.000254829435875791280186747345
0.001398602420534840332436155030
-0.000104279242708237672031430787
0.000225236353161443797390312005
0.000226881651341909374884273087
0.005610547226575451559837937054
0.000044220135685573440560442587
0.000603386159185159871853887381
-0.000668509653094668480216578033
0.001453345649856253212275913889
-0.000078979479180462118558317397
0.000603186650333578351992902533
0.000236099600442366512739397755
-0.001993725413774994747323487942
-0.000143067148932223789804113467
0.000196160037612749658291269594
0.000019949230596988879588276483
0.000592611816744735260889531681
-0.000111690412069514980884961386
0.000044723310673607430312109789
0.000069530246568893971296880518
0.001902038086682452441150692479
-0.000080379518131074365180563368
0.000164723689987808860494059027
-0.000165674830479305861853644988
0.000353514604561586912468557076
-0.000120653452063058670273160145
0.000205518263021210788408371650
-0.000016405916664704557145432542
-0.002090808061190713943583441292
-0.000155130380692596899329729898
0.000147674470462848375683709290
0.000077095226804020639118850133
-0.001099498365286558998824006927
-0.000141341698686839437092491178
0.000074768553150244196066169511
0.000037277048559517764496004655
0.000582938475944272675895174718
-0.000123816229111047660738434417
0.000062646539517209427956091761
0.000111368551366617979554718421
0.002399610977219642816982148048
-0.000054846120639022124436737227
0.000201423704064342796136999336
-0.000132252522483287856527520154
0.001936404756537847635794458157
-0.000059028892582439646007953782
0.000151070010093055977435164139
-0.000072823210927707419546847656
-0.001046502309891479383721635266
-0.000183477402135741703625634869
0.000137484952503395845739911363
-0.000033223728413867502883005667
-0.002961083256314670213854567393
-0.000255160148858928970735243658
0.000379683582002258090352247999
0.000044418447898583606240578009
-0.002692898571317400933239349925
-0.000227891452059224665967901435
0.000341162388324273830025185061
0.000048973442686308719224395902
-0.000965688758850440087666555655
-0.000120242075617805818242740667
0.000167825794885323903741711216
-0.000083262778748322436314990846
-0.001427614470009232281594302449
-0.000004957547850246843302993768
0.000214826847079335270587763240
-0.000002127756775220524382952842
-0.002421361663930668602084939067
0.000341377084451497737112996012
0.000504664028338159772503479505
0.000015544982797911529838951958
-0.001719850938750208625346860281
0.000921830126790322275202871349
0.000637822386041524830302407167
-0.000301321763548063491135881042
-0.004414008528228275871074792747
0.000849072389324831465831633359
0.001222640099900645579977798150
0.000289977680455304860033388659
-0.003782484176235858391867949990
0.000788969414970397170568106038
0.001433686636789681303344456964
0.002143531110392233717670817938
0.009588644065326909146640410597
0.000244560373830099311940472484
0.001745315188598046138648833825
-0.002928996307867669842556201942
0.003932014591217778028131579759
0.000142115592876615535588430417
0.002605813036071596890813628633
0.000223795254741004652054153778
-0.010090490861594043209281679196
-0.000263031192787872630453605005
0.001614501268714506115528606323
0.000452964129386692422509635980
-0.005778549187871065938304493415
-0.000169575373151866382482461093
0.000736778938075761057578672020
0.000157015667141312693358065622
-0.000938138839394129868919092186
-0.000056355326441601118431321688
0.000074678330679191296860054694
-0.000069243594932317617421206613
0.000026323746460398476096961135
-0.000041120034997958618489324878
0.000005394818003504562046925702
-0.000208473074445020549894797002
-0.003067861816844381916968842461
-0.000127451543193993877640599055
0.000369742045952978020360857325
0.000243710934365092983565695417
-0.002568038892463025274492949279
-0.000116817693501467979454340462
0.000354215608530774879285363266
0.000005507993510476914274893653
0.000514088604091969591028399300
-0.000060676337821420373453557007
0.000005299748974246056549652732
-0.000059585802849629719980632803
-0.000191200670295519134641790138
-0.000068573285250806328820251390
0.000020869263247323448435318477
-0.000051154694200885454495337373
-0.001714318553386806479391091251
-0.000085601444250624035689142821
0.000083348211252995879410807034
-0.000339595895070694635525104799
-0.004464447319153733682861595611
-0.000388899385839660790328137230
0.000461580498577323044932796403
0.001164709119963841044489982757
0.003995557094164843732475578264
0.000465120216780133685034043234
0.002835391187822024899878314841
-0.000832943473308458124694519942
0.006025840697930955405792197155
0.000626111413970801807329924493
0.002640157363009541444109906649
0.000139854327713879355221324174
-0.000933509784785426107410477581
-0.000131362400457942868564967243
0.000107451329124035816820793843
-0.000282034087708003095538999982
-0.002554682529958931299501889711
-0.000243033538959518049128033512
0.000387998012121753058350365206
0.000282566729521005119678961348
-0.002553470654124825444525326290
-0.000238684202910118903676051083
0.000404689170792111153982656413
-0.000130941497498019728115345450
-0.000619472474013720128711846247
0.000198118070133707709253034768
0.000031863244695339270739359305
0.000173939866125148452202092697
-0.000043236783469841741562623982
-0.000092066552855157510193429005
0.000070371426540919562991199809
-0.000062333586372389907827307187
0.001055018772407983942279718903
-0.000333017257447122065183026107
0.000047311137867032170630128551
0.000010784383705943898897820603
0.000432142490143537353654290545
-0.000050512742762876127627404144
0.000006304625009984603104321033
0.000010228381791578911331748285
0.000544444624433807768636162105
-0.000029661356660645681575108959
0.000006129630706754829959879982
-0.000165839508167844157902892643
-0.001415711853015660763588368098
-0.000087683543467356072536114664
0.000161086889084664325278925534
0.000183931033089177636049432740
-0.001351266368246973118005804793
-0.000077865987916407548375188896
0.000145693936693723008956799503
-0.000004944673338197872737261648
0.000706072276090672539330950208
-0.000014451245475243414947757667
-0.000022653367289676013663192802
-0.000761530277168267458361150535
-0.004263953161582727247047586161
-0.000124028382320421780207059248
0.000749991322828557922114400824
0.003093652238773687574574511316
0.009536304738642418718508331210
0.000206394465317711380686338529
0.006670569206196167236222471786
-0.002599590807681136529067034147
0.012515824634044544344524396706
0.000271079946410348715090526950
0.006260867279722896576454882478
0.000054998691202499713878877607
-0.003370263238823032608815211120
-0.000104171259735993349481407433
0.000266205074546473530357204584
0.000193107353735694876146686272
-0.001135648214733909642723541644
-0.000062205612773105726652674019
0.000164856936958370463427656083
0.000061414870834152867750538318
0.001076790956101182595780474394
0.000008951244072527491193493054
0.000012357858311825832510130740
-0.000062056842440631919594930255
0.000721825130578686692886525300
0.000012803532759901781171618836
-0.000004129613738464954905617744
0.000040600847427000334906050522
0.000656626432251099928505411185
0.000013718671939001926578976034
-0.000006604672762944204283312808
-0.000248433533193805945477744546
-0.001023794762190158389586480681
-0.000019999793095158492118885302
0.000046193385883259499016199184
0.000129940870168591715875724968
-0.002048759835902586989159201991
-0.000044263573460790870317451556
0.000064882539082791610080339084
0.000072803019310345410569119962
-0.000396459813669576153962598175
0.000001802640138478393645255415
0.000003605584742943753276818138
0.000030526049951263305355392969
0.000578255073130430272132507241
0.000035807680863350770691759528
-0.000000265346718819188734028659
-0.001021788499238463756788042325
-0.007077403118694891061279950151
0.000757184899547819092839595623
0.001814644283253295841198959870
0.000972086610842545642899303893
-0.007406733176867273844845573905
0.000765841491839024113286171769
0.001813440950304453982283581226
0.000000046338232174696769050577
-0.000028264917395703124480908081
0.000027987035553334180319447547
-0.000026868425705659763783137578
0.000000040039572435041332042775
0.000030668818214014525319610627
0.000021817468330009733262341703
0.000002478834852286286648086200
0.000000106215608278553399265963
0.000070625098694766981228393421
-0.000015407415235891298426482501
0.000036477031040048457752496269
0.000000001045698278216757012010
-0.000000505667271551797761885831
-0.000001377758362882236388465419
-0.000017615887845662511935898933
0.000000000640699420268830050593
-0.000000403102006013859974249832
0.000001067488502457513150958857
-0.000024000626811934361380489189
0.000000008281638513649783630885
0.000011070185080647338570934354
-0.000007016293844655249617729871
0.000000305918249087603406570745
0.000000020285621077795485033439
-0.000012533314936618081530256275
-0.000018191404770464812034247090
-0.000025842532150917441990511242
ENDSurf
Surf
90466.65630,48612.32420,-366.31470,0.00000,0.00000,1.00000
90459.81250,48612.14840,-377.02260,0.00000,0.00000,1.00000
90439.48440,48611.65230,-380.47070,0.00000,0.00000,1.00000
90429.29690,48611.41020,-382.75430,0.00000,0.00000,1.00000
90413.48440,48611.02730,-382.83960,0.00000,0.00000,1.00000
90399.95310,48610.69530,-381.79710,0.00000,0.00000,1.00000
90389.77340,48610.44920,-381.85170,0.00000,0.00000,1.00000
90370.56250,48609.98830,-380.83830,0.00000,0.00000,1.00000
90349.11720,48609.46090,-377.60300,0.00000,0.00000,1.00000
90331.04690,48608.99610,-375.46550,0.00000,0.00000,1.00000
90292.86720,48608.06250,-361.15280,0.00000,0.00000,1.00000
90272.59380,48607.56640,-355.67520,0.00000,0.00000,1.00000
90264.85160,48607.37500,-345.02760,0.00000,0.00000,1.00000
91185.25000,48629.99220,-452.42170,0.00000,0.00000,1.00000
91169.79690,48629.59380,-461.84010,0.00000,0.00000,1.00000
91136.91410,48628.75780,-462.31420,0.00000,0.00000,1.00000
91105.67970,48628.00780,-467.57680,0.00000,0.00000,1.00000
91076.21880,48627.30470,-472.82110,0.00000,0.00000,1.00000
91048.61720,48626.62110,-473.22380,0.00000,0.00000,1.00000
91007.24220,48625.60550,-473.82830,0.00000,0.00000,1.00000
90979.68750,48624.92970,-475.73070,0.00000,0.00000,1.00000
90943.54690,48624.04300,-475.75860,0.00000,0.00000,1.00000
90917.71090,48623.41410,-466.96510,0.00000,0.00000,1.00000
90898.78910,48622.93360,-466.79740,0.00000,0.00000,1.00000
90878.13280,48622.43750,-458.49970,0.00000,0.00000,1.00000
90859.22660,48621.99610,-450.19090,0.00000,0.00000,1.00000
90842.05470,48621.58200,-428.44070,0.00000,0.00000,1.00000
90806.11720,48620.64840,-389.33080,0.00000,0.00000,1.00000
91002.71090,48790.13280,-484.70450,0.00000,0.00000,1.00000
90999.24220,48777.78910,-490.23750,0.00000,0.00000,1.00000
90994.08590,48758.75390,-489.46980,0.00000,0.00000,1.00000
90985.27340,48727.39840,-490.25350,0.00000,0.00000,1.00000
90973.71880,48685.63280,-490.26440,0.00000,0.00000,1.00000
90962.10160,48643.75780,-481.85360,0.00000,0.00000,1.00000
90952.49220,48609.18360,-475.72910,0.00000,0.00000,1.00000
90939.85160,48563.45700,-474.95290,0.00000,0.00000,1.00000
90927.00780,48516.89060,-471.10350,0.00000,0.00000,1.00000
90911.68750,48461.37890,-461.86740,0.00000,0.00000,1.00000
90901.18750,48423.51170,-458.77190,0.00000,0.00000,1.00000
90892.39840,48391.51950,-457.20940,0.00000,0.00000,1.00000
90885.54690,48366.96880,-453.34770,0.00000,0.00000,1.00000
90873.05470,48321.88670,-431.79160,0.00000,0.00000,1.00000
90872.01560,48317.96090,-405.57790,0.00000,0.00000,1.00000
91040.07810,48861.97270,-449.29440,0.00000,0.00000,1.00000
91030.29690,48861.73050,-459.35550,0.00000,0.00000,1.00000
91004.14060,48861.07030,-463.23400,0.00000,0.00000,1.00000
90980.55470,48860.47270,-465.33890,0.00000,0.00000,1.00000
90965.21880,48860.10160,-468.51380,0.00000,0.00000,1.00000
90942.40630,48859.54690,-467.56690,0.00000,0.00000,1.00000
90918.60940,48858.94140,-466.49150,0.00000,0.00000,1.00000
90891.85160,48858.30080,-465.00980,0.00000,0.00000,1.00000
90860.74220,48857.56250,-465.00990,0.00000,0.00000,1.00000
90815.98440,48856.39450,-461.13620,0.00000,0.00000,1.00000
90784.10940,48855.60160,-461.01450,0.00000,0.00000,1.00000
90763.88280,48855.10940,-459.34830,0.00000,0.00000,1.00000
90718.05470,48853.98050,-458.36820,0.00000,0.00000,1.00000
90678.57810,48853.01560,-457.18800,0.00000,0.00000,1.00000
90654.12500,48852.39450,-458.00330,0.00000,0.00000,1.00000
90618.87500,48851.53910,-457.35610,0.00000,0.00000,1.00000
90589.96090,48850.80860,-455.51890,0.00000,0.00000,1.00000
90553.96880,48849.93750,-454.74690,0.00000,0.00000,1.00000
90509.17970,48848.81640,-453.79180,0.00000,0.00000,1.00000
90473.99220,48847.92970,-457.11580,0.00000,0.00000,1.00000
90446.37500,48847.26170,-456.40770,0.00000,0.00000,1.00000
90414.21880,48846.45700,-453.08140,0.00000,0.00000,1.00000
90378.92970,48845.58200,-452.32520,0.00000,0.00000,1.00000
90353.62500,48844.94920,-450.90760,0.00000,0.00000,1.00000
90329.14060,48844.34770,-451.58560,0.00000,0.00000,1.00000
90307.90630,48843.80860,-449.71270,0.00000,0.00000,1.00000
90278.07810,48843.08590,-446.67440,0.00000,0.00000,1.00000
90238.87500,48842.08200,-437.38240,0.00000,0.00000,1.00000
91031.50780,49051.22660,-449.22080,0.00000,0.00000,1.00000
91024.10940,49052.54300,-469.57480,0.00000,0.00000,1.00000
91001.03910,49052.33980,-471.53340,0.00000,0.00000,1.00000
90968.27340,49051.51560,-473.58380,0.00000,0.00000,1.00000
90923.51560,49050.44140,-475.75530,0.00000,0.00000,1.00000
90895.97660,49049.75390,-476.03550,0.00000,0.00000,1.00000
90875.32810,49049.23830,-475.38950,0.00000,0.00000,1.00000
90845.26560,49048.50000,-475.69600,0.00000,0.00000,1.00000
90819.52340,49047.86330,-475.95840,0.00000,0.00000,1.00000
90792.09380,49047.20700,-475.38390,0.00000,0.00000,1.00000
90762.97660,49046.48830,-475.68110,0.00000,0.00000,1.00000
90732.20310,49045.71880,-476.84910,0.00000,0.00000,1.00000
90704.86720,49045.02730,-477.98080,0.00000,0.00000,1.00000
90687.76560,49044.60160,-475.59550,0.00000,0.00000,1.00000
90668.14840,49044.10550,-475.79600,0.00000,0.00000,1.00000
90639.04690,49049.63280,-477.07170,0.00000,0.00000,1.00000
90621.63280,49052.66020,-472.99370,0.00000,0.00000,1.00000
90590.00000,49048.64840,-473.27620,0.00000,0.00000,1.00000
90555.14840,49045.60550,-473.60570,0.00000,0.00000,1.00000
90522.36720,49042.16800,-473.05550,0.00000,0.00000,1.00000
90492.22660,49039.71880,-475.04510,0.00000,0.00000,1.00000
90458.36720,49038.91410,-476.24280,0.00000,0.00000,1.00000
90429.63280,49038.17970,-476.53730,0.00000,0.00000,1.00000
90400.08590,49037.43750,-476.84020,0.00000,0.00000,1.00000
90379.81250,49036.96480,-474.50480,0.00000,0.00000,1.00000
90358.72660,49036.46090,-472.17990,0.00000,0.00000,1.00000
90338.51560,49035.93360,-470.69480,0.00000,0.00000,1.00000
90316.64060,49035.39060,-469.22890,0.00000,0.00000,1.00000
90298.14060,49034.92970,-466.88290,0.00000,0.00000,1.00000
90281.32810,49034.51950,-465.36720,0.00000,0.00000,1.00000
90272.08590,49034.30080,-462.92720,0.00000,0.00000,1.00000
90256.96880,49033.93360,-462.24130,0.00000,0.00000,1.00000
90245.55470,49033.59380,-441.48870,0.00000,0.00000,1.00000
92432.92100,47336.30700,0.00000,0.00000,0.00000,1.00000
88949.18200,47336.30700,0.00000,0.00000,0.00000,1.00000
88949.18200,49238.52400,0.00000,0.00000,0.00000,1.00000
85465.44300,49238.52400,0.00000,0.00000,0.00000,1.00000
85465.44300,51140.74100,0.00000,0.00000,0.00000,1.00000
88949.18200,51140.74100,0.00000,0.00000,0.00000,1.00000
92432.92100,51140.74100,0.00000,0.00000,0.00000,1.00000
-0.005232211049973226578424512212
0.018029755032218132415611222541
0.000296969310066024622628277907
0.027715758584615994564170904368
0.004809208541178966803131267227
0.021932628254999374933786882025
0.000351931630497417989675984495
0.028516104273166274774009565363
-0.001584931216259219226294430172
0.014225167303834907253645702951
0.000319602053104858937170040800
0.003864737254550374735695417172
0.001981862040864506256665489303
0.010414822663570182104120220856
0.000171197304088626316804708227
0.002118961451402637426177921753
0.000437659481854897364650619496
-0.002646505074681737307989992658
-0.000120305024371663101976845378
0.000250903294987844121839010159
-0.000468557502014095529282999841
-0.002552473834486592221826306570
-0.000080186014742088105493669770
0.000277032944376884283053941171
0.000193303939248038478358054926
-0.001100717030965688968818794180
-0.000079703517394986533699252629
0.000070342584701510649908794137
0.000173800005188613938952521543
-0.004760667731308037241289010666
-0.000195514693588154370293072382
0.000592237316355577491679140767
0.000037068726102139336624121529
-0.006594487608861829448791969099
-0.000218920513480361797822859593
0.000927774267542749264507662144
-0.000144779645052541482662389338
-0.007239294703434399555486145061
-0.000311597131120069925636073549
0.001842705151020198771003033578
0.000389989454115225169395647642
-0.009972530786406690050949208626
-0.000305428084138564717286284944
0.003581701667041096472099415138
0.004069282298332119879313850674
-0.024050039646818639066383482827
-0.000763321720624855109063600089
0.026462116233001264919977302270
-0.004673802130095466855763675085
-0.018173188007043223485270644346
-0.000644069520440640279866639784
0.024706808746311658547822887044
-0.001587715042657096130990224125
0.012295234350902422074125475149
0.000310137557947942502176857937
0.007547146818374310395238779847
0.001573954892602211132895950740
0.012534154629271914566102097410
0.000295897169198147615316873971
0.007329904264624450757614759766
-0.000150965266514850636817013374
0.002809769517507379552739843476
0.000075775737204446182333772430
0.000570454035526647999440608139
-0.000029842014234119311867979296
0.005469140049124805724733988654
0.000111294941218188805334872449
0.000929729916540087981263740247
0.000176435057053135857215234172
0.003151810021913874909627040211
-0.000004948802374233347716218304
0.000473681242153467301977953774
0.000009048983847913754209948967
0.000457427607282847486277338467
-0.000205294457969846686970494254
0.000031113497701105702461423647
-0.000089484791274264385558916135
0.001426398438402607347919026637
-0.000473713104807493531108603113
0.000158366168370866600536087110
-0.000187463250322009123902122774
0.003365399740844335785966423558
-0.003217669127867694989220126445
0.001012194768128951401567339197
0.000159214941066330138447898479
-0.007482930833976553230968420394
-0.002719072097937145701673777864
0.002560390198260431571242179416
-0.000413199557074979081407184456
-0.005859154312274792927861533087
0.000096979456202677747213118653
0.001985748542531739439104265799
0.000723121521284908648496969619
-0.008031313194589707188386640269
-0.000073426873869629054889310305
0.003020213676497736192405607625
0.000190772345106795864974613686
-0.016660163894703660519835963782
-0.000284213165882851682628174039
0.007105599606502248366535212654
0.000076971046985374702944539271
-0.017703796037151095510431275670
-0.000373609573358942199678561780
0.014991938249443328631804739359
-0.000763498188364550452698897853
-0.013530213363567153081468141806
-0.000277416203833212517311512801
0.016160313264634861701862789118
-0.000263099940655289103817043861
-0.004624261990269956483501356814
-0.000307014098186449678213466585
0.005180710168928483877470725361
-0.001965190714344686173653542482
0.004039884163691208687763101182
0.014565996827741404390232915489
0.006503362628698483409450670223
0.002131044721338283716438599669
0.003192505894732409251618454604
0.011669002016103767124799439614
0.005366502447933575205285539056
-0.000120725065254743334176509850
-0.000180915624528975299686525680
-0.000580362614983163526034826152
0.000176296213173553808486668237
0.000023409298671367947307581439
0.000108337822993717029090854354
0.000351596251194102762775706150
0.000054017911464847913902490029
0.000108756581392896621769163235
-0.000253017340345378040269291864
-0.002217214907706043479362900683
0.000416589294314755921588844245
0.000447523266192101907591516241
-0.000356311133748173341356801913
-0.006751495615821285177504673669
0.001861890425938428784286005069
0.000016965854801965539949215947
-0.000487030238878454618811630894
-0.000294972948145789969943975084
0.000270766654157817137239111505
0.000030314001956065255100405964
-0.000842781941097795958550698003
-0.000714067907152979883082799528
0.000086153637400447391535632247
0.000013696896408055628664409212
-0.000788755267156270663438111246
-0.002022875113523286191158367942
0.000331886308977963210078976353
0.000005125034015436384909197853
-0.000776733343450452693931818082
-0.002181548485991569637926223990
0.000425869235867803205657089460
-0.000007365095606090128067648410
-0.000515027379055989220635325410
-0.001616109717894933291842951562
0.000228055937320163418366089636
0.000183515295159823212112204516
-0.000974130887593803169825779076
-0.003439217682277985466132719239
0.000532595753200408475284965970
-0.000058152904307551538543724634
-0.001756873038251791432906578905
-0.006301751200074880675250366124
0.002516679686725553557330448129
0.001246018622688065818904235016
-0.001678001433314937895779905830
-0.006349739579972025343979069589
0.020075974539437064364522100846
-0.001414049596005339170731729403
-0.000927624930597911604227001625
-0.003227937949444830648820792263
0.018394134496621264429627728987
-0.003647681161320628136918164941
0.017899418041043436283787926300
0.000820787026777729353428647574
0.018300483028279222047496332948
0.003413230054918170875560834432
0.020493885889277866502178326868
0.001184691044186176288321998840
0.018970436840494708796711620380
0.000031966705678982281792471082
0.004557292511876040799756459876
0.000935428921667003326727296564
0.001066932073035344302053273324
-0.000680420046433722041506753087
0.008142627217388356819505190742
0.000680562189705415879897865139
0.001611258003403914047454992264
0.000898005496311232785482114860
0.005407704719425584366510051382
0.000493982287453284063874492382
0.001431033461494282850445802779
-0.000002369908472915613591641476
-0.001858270346611417926652176646
0.000119356990908631394130573478
0.000117559344431572121002921305
-0.000003403779510429094952287700
-0.001976884081743357675364780590
0.000021744431170084015412591674
0.000119088111959923437688409209
-0.000077043459769601541900149733
-0.001028969339124034864177414939
-0.000029719282541190067718165496
0.000091718526593213999171562423
0.000042772228684818758639735875
-0.000953744248137340612167522913
-0.000080249829302190203044777006
0.000102405459932520176207990104
-0.000038265412762993246008000336
-0.001007550926865035311949525543
-0.000160463531409929662874605527
0.000155127565414121739318514814
0.000195573678275561956430711463
-0.002070310680646762595269461116
-0.000146065665420853636573272905
0.000183421391258157645250473355
-0.000188595795394061059493256982
-0.002240919267194468444265309515
-0.000212237024423261719978731077
0.000232208720470792804018572708
0.000008896443897425946990636068
-0.000603646967203363515701297626
-0.000208828505635177242389863284
0.000064889726206868817977128916
-0.000074936746047035918604981020
0.000305537957661568412241065440
-0.000136293244654910647006146318
0.000079333237276179384401229855
0.000070019328795381961176406971
0.000423257354941202856672688437
-0.000107229797557202815964927378
0.000042361280319389306415166219
0.000060419706382249065677609440
-0.001347957078148945535972513809
-0.000159381278257055063142175189
0.000091008006392375974608413558
-0.000058970180873838963617368514
-0.001383916970099079851719281464
-0.000173101996247698752297294877
0.000114611408332057054717395550
-0.000005830633907619698612248647
-0.000530300377479245494717619014
-0.000200176736416309106626060244
0.000053756107050347331089822783
-0.000085405678284671579340858738
0.001088731000156596424172095183
-0.000194863186479859990364940647
0.000210107004605380515887061432
0.000108657972479318549064580823
0.000864134505337136519902141440
-0.000154901390109503036976792978
0.000144727715464299118951208012
0.000064654988080437911907548398
-0.002039084471698366166081406448
-0.000231877475239609427562839650
0.000191073778827284800887684191
-0.000081155159894195287410834094
-0.001875048014437729259826226347
-0.000263155759905221047802170720
0.000233657352415459949011855567
0.000069604193397145486168348105
-0.001398716199888588905889119651
-0.000216957996552007869499670289
0.000093554203349409230123373549
-0.000133010927263960062076272872
-0.000532139137066709702779399027
-0.000161649901771850968475868759
0.000133002287790793296802863144
0.000239046398609482716466137497
-0.001483839241000259930730598157
-0.000159785240501238054141100453
0.000193203775712206437175852414
-0.000080379991599866952686932742
-0.003724692572477570056549422972
-0.000223361765229843404166609755
0.000387263994481770366072603817
0.000029593410674873671113282309
-0.004455794807120736465699817330
-0.000264346852435515180124864232
0.000854023380975105282468529122
-0.000138977431926903756452887362
-0.002875040926725784800471741320
-0.000552736595385436985106153429
0.000928429924006721435207623028
-0.002020648584555060928852343594
0.008176636099684237574125589276
-0.001260994004887746114396129826
0.020111433065843960232843556923
0.001790063630437502923894999007
0.009938271034219983007806931141
-0.001242039382135849126184701241
0.019499767004323619035144332656
0.000174981238635425761802216771
0.003025241464777767615851322702
-0.000057554082322295388462769089
0.002167279733478255383111177323
0.000030979490090327508537530743
0.001491378661246321171360285085
0.000083891378791667290163412696
0.000021309416206185956109290039
0.000009779867618234668161280101
0.000721082048725603798160210811
0.000054372467470462595051823584
-0.000069352961006258629760717893
0.000086465076765466602733492540
-0.000572390127549154384585528010
-0.000007156918800165536119148053
-0.000021068978016950224514593909
-0.000084488680408292135483490359
-0.000586706006518606282447436673
-0.000019422879256206211997810157
0.000017147810472018219931462576
-0.000003845497282778145403106182
0.000367732399960296173907492445
-0.000010398079532187397882518447
-0.000018217091018529937547585501
0.000043560405682921063408308271
-0.000183092760439643561154107743
-0.000034420700904004539774465321
-0.000015464948031914523902041400
-0.000039358034279295735918813293
-0.000205508924849133228947295482
-0.000042865794429112985357548798
0.000006421228784563569821105915
-0.000027363298285236146696695197
0.000790813163357509071350881502
-0.000026561670701072973227799268
0.000022434930862616892882589401
-0.000014657284658480227318997149
0.001371077133932768147422942562
-0.000013280143775489382809923758
0.000048397638981837166297517855
0.000518614206284992809194156482
-0.003204537322674576652059563742
-0.000120017236003028358176658585
0.000525127069612709384237303478
-0.000489107280848158332796360437
-0.003694902355269447449814812501
-0.000119089259538121799552462532
0.000593205178991808106635230669
-0.000021437441768934186538163658
0.000960858652557711840833110095
-0.000244206158371331253070096734
0.000041108273391483090490432228
0.000732542109545319735861013122
-0.005247988227485312143216766856
0.000868976821473753532031059077
0.001348986139182625863114362019
-0.000692082193824360321354749459
-0.005803851653030430574053966097
0.001103107931297178136154091277
0.001445927915575770210387940296
0.000001606243295648800771305265
0.000275506453703799262903995082
-0.000027097484756348457006188205
0.000007333500613912727727062950
0.000023758898288577597908812281
-0.000112242858221920518784452125
-0.000070748095212470090884480933
-0.000007253632679904684504325601
-0.000086049605885266195674614120
0.000831650329398746744613557524
-0.000006770855352185429570043267
0.000095710136111750969824078783
0.000041580508663789554158005807
0.001602715967462131239559819385
0.000018745004760853333603898632
0.000078510739958206557246103707
0.000019015721386643176862851767
0.000701194583508960803813758744
-0.000037252601203825060874504083
0.000010481859165841268425678826
0.000001301980324521421597379020
0.000352561762406780599115457830
-0.000043072117654589396401262902
0.000002668241859105654697098845
0.000286915173897899877623884901
-0.002611122579937839513486430576
-0.000108164071249134633584398912
0.000267671996712936827340911794
-0.000030775647812833103447640454
-0.005349110101984777196348908035
-0.000163457772720249701770695028
0.000591173307354557128756589179
-0.000064755084457419803179757667
-0.004365589013893082445672000347
-0.000142149511552290975634899040
0.000416703966041618483265307482
-0.000039086061624211950263092091
-0.003321080079254794693160990349
-0.000117865792379621414100697441
0.000224748734849126248405010164
0.000222448552915410920592653721
-0.004869615413253274363580835882
-0.000150849970168403070894247442
0.000452239974863927922995449071
-0.000046289268009017651593281495
-0.005982162281829879815764350326
-0.000171415401606547697930041374
0.000760437467382929434440985705
0.002478473164963359079426830078
-0.015632889624540607237390688056
-0.000393141951013086215615394137
0.003244947399296181384659165658
-0.002523453238984316865378687567
-0.014411338754688229543687860712
-0.000358495728605684319586360820
0.005623210411280793290245139104
0.001309079383069005871401135899
-0.011112696859265761006874129180
-0.000357313891072828966610774870
0.014990894688407146659314683745
-0.001576454514153869572792854292
-0.009378962586099971743269776425
-0.000295811579593269202703709198
0.016132833006053899638221338364
-0.000000075648904335236953327909
0.000048945686377980656290437311
-0.000043160232052768771700192868
-0.000018866701214722821165065136
-0.000000052298851813549476249343
-0.000048818618156937806755457654
-0.000016740949677123584420817062
-0.000002737880892986878307625645
-0.000000184879924370355905736932
-0.000109681993613266435009731548
0.000019705143392352186435759892
0.000061855635642984872117969286
-0.000000002161717903822374736482
-0.000000583246338257531621521580
0.000001508093140202615053800271
-0.000020035661181084824401105182
-0.000000000785267098238218644155
0.000000509998568910708630079378
-0.000001684371091070103809567691
-0.000026302906095424480358620917
0.000000002123111879102412484697
-0.000005274764086565133861786350
0.000004497901888057557399751285
0.000003159976944360783131389957
-0.000000023326290913951305945764
0.000011782457533958185966985882
0.000025618322433430880960764445
-0.000019038489593923504526653406
ENDSurf
Surf
90686.57810,48383.30470,-477.76640,0.00000,0.00000,1.00000
90686.74220,48388.80470,-470.48450,0.00000,0.00000,1.00000
90686.71880,48398.86720,-466.10980,0.00000,0.00000,1.00000
90686.92970,48412.30080,-464.27270,0.00000,0.00000,1.00000
90686.95310,48428.53520,-464.25020,0.00000,0.00000,1.00000
90687.31250,48443.49610,-464.95810,0.00000,0.00000,1.00000
90687.67970,48462.42580,-465.66050,0.00000,0.00000,1.00000
90688.06250,48477.01950,-465.27620,0.00000,0.00000,1.00000
90688.09380,48492.60160,-465.62000,0.00000,0.00000,1.00000
90688.31250,48512.61330,-467.05180,0.00000,0.00000,1.00000
90688.71880,48532.29690,-467.02460,0.00000,0.00000,1.00000
90689.06250,48550.52340,-468.45810,0.00000,0.00000,1.00000
90689.06250,48568.40230,-468.43890,0.00000,0.00000,1.00000
90689.72660,48590.26950,-469.86440,0.00000,0.00000,1.00000
90689.78910,48610.02730,-470.57420,0.00000,0.00000,1.00000
90690.04690,48627.94140,-470.55190,0.00000,0.00000,1.00000
90690.56250,48647.61330,-470.88700,0.00000,0.00000,1.00000
90690.79690,48662.60940,-472.69390,0.00000,0.00000,1.00000
90690.89840,48679.13670,-473.04350,0.00000,0.00000,1.00000
90691.06250,48694.20310,-476.68470,0.00000,0.00000,1.00000
90691.09380,48710.83590,-479.60480,0.00000,0.00000,1.00000
90691.85940,48731.47660,-487.57870,0.00000,0.00000,1.00000
90692.78130,48827.73050,-555.75230,0.00000,0.00000,1.00000
90692.96090,48834.44920,-554.97710,0.00000,0.00000,1.00000
90693.21090,48842.15630,-554.59890,0.00000,0.00000,1.00000
90694.27340,48853.79690,-553.23600,0.00000,0.00000,1.00000
90695.46090,48862.46480,-553.44570,0.00000,0.00000,1.00000
90695.93750,48868.97660,-553.26050,0.00000,0.00000,1.00000
90696.52340,48875.48440,-553.46970,0.00000,0.00000,1.00000
90697.39840,48887.52340,-553.49270,0.00000,0.00000,1.00000
90697.63280,48897.99220,-554.30740,0.00000,0.00000,1.00000
90697.68750,48907.08200,-555.71310,0.00000,0.00000,1.00000
90697.78130,48914.58980,-557.31220,0.00000,0.00000,1.00000
90697.96090,48925.84770,-559.51290,0.00000,0.00000,1.00000
90697.28130,48932.78130,-561.11660,0.00000,0.00000,1.00000
90696.67970,48935.35550,-570.85950,0.00000,0.00000,1.00000
90692.63280,48821.60160,-562.30760,0.00000,0.00000,1.00000
90696.95310,49103.67190,-601.77910,0.00000,0.00000,1.00000
90697.14060,49113.23050,-594.21920,0.00000,0.00000,1.00000
90697.21090,49120.79690,-593.83950,0.00000,0.00000,1.00000
90697.35940,49128.35550,-593.45910,0.00000,0.00000,1.00000
90697.60940,49135.11720,-593.47390,0.00000,0.00000,1.00000
90697.79690,49143.47270,-593.49320,0.00000,0.00000,1.00000
90697.83590,49152.62890,-594.31160,0.00000,0.00000,1.00000
90697.89840,49162.97660,-594.33690,0.00000,0.00000,1.00000
90697.89060,49170.54300,-594.35580,0.00000,0.00000,1.00000
90698.25000,49182.07810,-594.77950,0.00000,0.00000,1.00000
90698.35940,49195.60940,-595.21040,0.00000,0.00000,1.00000
90698.42970,49206.75780,-595.23750,0.00000,0.00000,1.00000
90698.42970,49213.12500,-595.25340,0.00000,0.00000,1.00000
90698.35160,49225.07030,-596.07960,0.00000,0.00000,1.00000
90698.72660,49239.39450,-595.71420,0.00000,0.00000,1.00000
90699.10940,49246.55080,-596.12700,0.00000,0.00000,1.00000
90699.42190,49260.07420,-596.95420,0.00000,0.00000,1.00000
90699.73440,49268.82810,-596.57540,0.00000,0.00000,1.00000
90701.52340,49278.73440,-596.98390,0.00000,0.00000,1.00000
90701.81250,49285.89450,-596.60140,0.00000,0.00000,1.00000
90700.88280,49295.47270,-597.03060,0.00000,0.00000,1.00000
90699.74220,49309.82810,-598.66730,0.00000,0.00000,1.00000
90700.31250,49322.15230,-599.88750,0.00000,0.00000,1.00000
90697.99220,49336.14450,-601.53260,0.00000,0.00000,1.00000
90697.39840,49348.10160,-602.36300,0.00000,0.00000,1.00000
90697.49220,49359.24610,-602.39000,0.00000,0.00000,1.00000
90697.20310,49368.60160,-603.61200,0.00000,0.00000,1.00000
90696.47660,49375.57420,-614.79680,0.00000,0.00000,1.00000
90959.79690,48412.42580,-491.80150,0.00000,0.00000,1.00000
90960.08590,48441.48050,-486.53720,0.00000,0.00000,1.00000
90960.55470,48475.85940,-483.65550,0.00000,0.00000,1.00000
90964.17970,48508.97270,-481.93100,0.00000,0.00000,1.00000
90962.12500,48548.74610,-482.63870,0.00000,0.00000,1.00000
90964.69530,48593.73050,-486.28640,0.00000,0.00000,1.00000
90967.13280,48632.79300,-489.32770,0.00000,0.00000,1.00000
90964.68750,48677.90630,-490.64450,0.00000,0.00000,1.00000
90961.19530,48723.63280,-496.71260,0.00000,0.00000,1.00000
90968.61720,48760.79300,-497.33910,0.00000,0.00000,1.00000
90964.59380,48790.53520,-500.40820,0.00000,0.00000,1.00000
90965.98440,48829.02340,-505.23440,0.00000,0.00000,1.00000
90966.56250,48869.90230,-511.25840,0.00000,0.00000,1.00000
90966.89840,48908.41020,-519.64910,0.00000,0.00000,1.00000
90967.47660,48923.20700,-529.01560,0.00000,0.00000,1.00000
90959.32810,48388.07420,-519.45260,0.00000,0.00000,1.00000
92432.92100,47336.30700,-700.00000,0.00000,0.00000,1.00000
88949.18200,47336.30700,-700.00000,0.00000,0.00000,1.00000
88949.18200,49238.52400,-700.00000,0.00000,0.00000,1.00000
85465.44300,49238.52400,-700.00000,0.00000,0.00000,1.00000
85465.44300,51140.74100,-700.00000,0.00000,0.00000,1.00000
88949.18200,51140.74100,-700.00000,0.00000,0.00000,1.00000
92432.92100,51140.74100,-700.00000,0.00000,0.00000,1.00000
0.009585349130196402223091922679
0.000635282546657841532163069065
0.026590063175751882385000612885
0.034858744391922408256689891459
-0.006262782750603691772628422996
0.000728750669147178653170526808
0.043064423214791862359884788702
0.042034585691469401880215883693
-0.002582765940017444413617786481
0.000053971105624651801921636690
0.021591413904109030968969662467
0.008009135626735398513775798790
-0.000735319672787530451141257970
0.000065263900128849429188755693
0.004987846223725480622468442249
0.000790621865473144030088403778
-0.000216585920346686354237206174
-0.000036506634804827118407841158
-0.001528859634885022193012682479
0.000132249354493522427523091722
0.000107134844046918777799026756
-0.000068806226284366669922361315
-0.002550100273911351522748702791
0.000143933405245303547162830093
0.000226745700015633226166722469
-0.000003267584150575303249643740
-0.000076680040757025891826927089
0.000088962454349705258511982198
-0.000214218340112766388603007806
0.000012062027431495101734192435
0.000193140952443269879861692528
0.000015159026510313597713489574
-0.000086465807017928415149736476
-0.000024699427221339178846037238
-0.002482052843947020557419103071
0.000123627470894207538900516630
0.000180829889160720122271569510
-0.000023627608917904094804106688
-0.001737752104111398064947846542
0.000149291533802976719540189787
-0.000238047801672604974381267096
-0.000045127736227703201833932195
-0.002102429908076461524679690029
0.000140593753276068990061900554
0.000237774495334489900395108508
-0.000047555639031806218493259042
-0.002105597011877128471590836511
0.000191443894343808039418611266
-0.000138676584358940317449199187
-0.000047172944435298238391972292
-0.001449760982886142291620190647
0.000074731449107699000683133206
0.000043356837283313471979612902
-0.000057048517432517907208532060
-0.002385873532485544099707164278
0.000137957426993561379406985634
0.000095651549067697391845639665
-0.000006375564946382936922549944
-0.000872383735497213384617321008
0.000047762046267493784288456909
-0.000047912660301668714133739579
-0.000015411006852528065112686168
-0.000397560847564170088009466442
0.000006544092291755771753864000
-0.000480244187269511805995353404
-0.000079966407628830591964447239
-0.004364763306962949653000638506
0.000446773902722453835571064795
0.000446580859116519539395856464
-0.000069277558341112704639111475
-0.004566725672654945410167126596
0.000537183772563743769032362785
-0.000900116199812944360776623132
-0.000088600118966758304762942888
-0.008014536068432241699976970040
0.001716185560039271747884148667
0.000371186970494747573833665966
-0.000091696725573636340554835311
-0.012400883743988623877929633466
0.002698045726048737234792351813
-0.000128214428820126518857036579
-0.000290224071134255988402284032
-0.012643578679694168070968274264
0.003748494463924154952716438771
0.000688022117117613072820314635
-0.000270721853945548251389047190
-0.009698505755108874359926574016
0.004552131295219157339215776403
-0.006495070568549051077955613920
0.000904956850594786175318029464
0.035899098674232000905082173858
0.031008672862135391867788314357
-0.001744345287258032475147251361
0.000330943738165462178566628149
0.011564658581762147365745718730
0.002068349061069779150356939823
0.000013206050704757816213210340
0.000550495825094199473133393941
0.008030896065754834778349646740
0.000944806883034757585826390880
-0.001147538707352331903074893482
0.000263557036109286551769925744
0.003515516089806240349058263917
0.000505554473722502270560674731
0.000978172350492515678757610154
-0.000016179636237460992716479663
0.000806604565487342435418927078
0.000131073685404841739016515434
-0.001412851461572902202548651651
-0.000048063553519126337202575089
-0.000273838638294351716280516928
0.000101807746413400796413328830
0.000736395910317521923578454324
-0.000203344307079703242018692277
-0.002516012035642632271165153313
0.000107408990593511432902473768
-0.000688641622358022141570099706
-0.000066554273310810208898191664
-0.003762885983363740798057772707
0.000231909122327937172952996847
-0.001101116935423417835318571356
-0.000119762371442534061864899908
-0.011905104007354849054989287538
0.001436632309723255476047176771
-0.001724641170192067968561233648
-0.000189236791059557799563398128
-0.021513296493448824664440621746
0.003912146138870512337981644180
0.002064925500391604894917518820
-0.000098611049177586571957455919
-0.021408835603523617557852887217
0.005033345429484982133661041814
-0.003446211979478223594308694544
0.001383283056108349645674238104
-0.022861683051864378074524708495
0.010308541538283944385967494384
-0.004751338834961504366261042520
0.004505432817107460005678909454
-0.029684829454482669630621671786
0.047134492269182579060604609822
0.009652999175758228064814225888
0.003042643712049620911830327685
-0.015086833649454201369821682022
0.046017039724999958538731448243
0.009107374213285300557085832907
0.000717192883630005388780059850
0.026321411092082785260215516132
0.030192993731600711870832753903
0.004185506744878523741060227792
0.000453883177273320132655287651
0.019454516583004854285432472238
0.015854781674136377012107601558
-0.003279905544931815009751518986
0.000438200243988546027287117601
0.023353447489151381993854883490
0.015600353544357398530295633066
-0.000020366769502974521659178705
0.000108281429851169377497240032
0.006625628159086171913016993784
0.000829723397033917554194148991
-0.000925410723121196918984632251
0.000063143547867102909829095658
0.003153348287176671160131347094
0.000181447517110469922060542181
0.000014590270583279341728294431
-0.000009109425626831851548811242
-0.000299202803388256188734523056
0.000028994640426069679555766412
-0.001020147711256440357235897309
-0.000017687366974470192330102028
-0.004962842753810103174627599287
0.000392972081252960744358893042
0.001030777299686196513822666887
-0.000016127456258895529501041360
-0.004938665579304891452283587938
0.000469326310654953095247154948
-0.000020691707128816793921210343
0.000004784057520570790650294400
-0.000283362393113842966473753249
-0.000010841092185877826173617637
-0.000231464390805339090663797497
-0.000046596151212173180108065684
-0.001752111276570596709242777500
0.000040530003710125692075079418
0.000101540296220292280016811448
-0.000051889620126460589302590243
-0.002761869861350460270826845388
0.000088540377008109114585245047
0.000154157744706913223250652201
-0.000005170137130247415429315332
-0.001283957208922711012641371120
0.000036008504961559828386023774
-0.000042023356608480118604652398
0.000003028464515355337118745257
-0.000305193641358965058515279045
-0.000004398316352462159720148639
-0.000419661448224427889325954810
0.000022511911444107130176239470
-0.003071098232217631812668301450
0.000181024113456082968651172926
0.000605399820503043284078414921
0.000044029484109201336204750948
-0.001985423582569847446299693416
0.000233870723491933038985096660
-0.001240126514996193725706707944
-0.000187659963743671875978716312
-0.003105069352497776859201028543
0.000230116158199330280700531381
0.000783701722085475217978445261
-0.000261066936669630215300808018
-0.006241033287426392579810840999
0.000359859734061540148097185776
0.000894483757210333342742292206
0.000038770842359876645107606696
0.000212682131070940892442894254
0.000264008712215015462886763542
-0.000961650248760560961459875617
-0.000264639057535372894478659100
0.000480660276607440940885990210
0.000160642310999044779160072061
0.001434717080013426940623966210
-0.000200646080331880134793934300
0.001725752164773127969588095709
0.000306198425572014678881088701
-0.001515170424742963819000896031
0.000371734484620036837853457312
0.001405630478026254591428223506
0.000262601021181085804347826729
-0.000057490940872173615101402983
0.000526945771564267246948876089
-0.006163173671840768003127308816
0.000492662363529524347828536524
-0.000102602183829283383838422428
0.000145417781927692659317899460
-0.007808960029363294121085292687
0.000797461124607932005450838808
0.000075389453600412079689423173
0.000425639458995993240179867012
-0.007916405186074353464431574423
0.000763538720863637140716384533
0.000087120128741129633704633195
0.000795753603517955617960288883
-0.006829776693520309832630132973
0.000640801338219688021088926710
0.000449202976376828616838360331
0.000223769852457918834356259685
-0.003004528784033805126341132308
0.000785888168766676626503242531
-0.001534149942013828546785725315
0.000256502723358573430246371005
-0.006911310953822761594944612540
0.002373092829129323181464039649
-0.003329398104931621457658330598
0.001947005358150298397201805045
-0.024436173355091902331670539184
0.026927283258281097672037773805
0.004891910381731011565886735326
0.001773409165693262158625120861
-0.017490271794147031064747821461
0.026975322602093620982799393460
-0.000345416834408790896383117941
0.000104275276884767813018357885
0.009774994259601007748350376403
0.008033318214961523637263063335
-0.000137410583845733912577644076
0.000021630864251757692031524760
0.004164122212158198263476371892
0.000831224213572736192641443598
-0.000023634450627954684253382092
0.000067173345742151951303679225
0.001976010983804651292145004859
0.000184217197379896771005855505
-0.000057667599295051500047411958
0.000076831635123426070483124151
0.000547917418152820290960791638
0.000028652522184110817857162143
-0.000028012553611133090544554544
-0.000080663384528060580480092467
-0.001110572342317695014937695142
0.000069215804690183553343936496
-0.000010575597336371905579362022
-0.000144801419492043002053976997
-0.001867770715296698108565109919
0.000152376965242989018296804193
0.000036122238175689014316217806
-0.000066495243668569784163159542
-0.001302951090617934055623794443
0.000093698792238371039200681145
-0.000046702073237497332706871095
0.000075969315867326249599664201
-0.001726893636172371253659219015
0.000186261353001020732271519886
0.000049828006146676156453909079
0.000067141123994430445577619171
-0.001618297068905994720230956396
0.000253884945497817311570176724
-0.000100130955346890265756330807
0.000167189150287914723444840370
-0.001880012405186606404966509487
0.000156438036622303262021885240
0.000028914920564126441241119964
0.000206467842544427374442198020
-0.003249029157335125463090808040
0.000397643966061786218683243854
-0.000003298687277189774107394662
-0.000033833019700760953425797833
-0.003332804394138264535152327284
0.000469895109356771210288444829
-0.000052338940730140642799885636
0.000003390787667203635665343292
-0.004382833565425540631177447892
0.000845580918800603164448004279
-0.001604432315472021589736195679
-0.000488877650553356277000893737
-0.015545888528098834521773419226
0.008667666615545563391087569016
0.001739546043149490725521211232
-0.000273449750520816654668354584
-0.013056189994851854704882576641
0.008251609518994982434003659932
0.000554276118261144614546287457
0.000023939890166914320628098814
0.006743627916459157128903356693
0.007619151136530163265225823466
0.000000032189798173855134542747
-0.000022736471359261891463272864
0.000017755437722592796551080926
-0.000026049248284620935082458656
0.000000024680575233024667837996
0.000023814371679041093459155282
0.000008460631568625307774556520
-0.000007057552525175054218943907
0.000000028774209770935815537965
0.000024982984560616861301239958
-0.000005945227826870930487861578
0.000016792470845857773920810699
0.000000000802711983494614586487
0.000000126395348565990280354982
-0.000000665619976140812735340073
-0.000016245209587214856747534875
0.000000000225543090808095685758
-0.000000288951702461384176613582
0.000000576860232926550481022973
-0.000022908564126435612977230466
0.000000002168852322311552092906
0.000002819335840876751776034638
-0.000001648171511559005795438519
-0.000001852218387048534693750928
0.000000007537077445700297604325
-0.000004802279447536957311399707
-0.000007050250998477678709692833
-0.000026420703232103786114353186
ENDSurf
Surf
90691.85940,48731.47660,-479.57870,0.00000,0.00000,1.00000
90691.23440,48723.42190,-493.88580,0.00000,0.00000,1.00000
90691.10940,48708.69140,-496.08720,0.00000,0.00000,1.00000
90691.00000,48693.22270,-496.81820,0.00000,0.00000,1.00000
90690.93750,48672.94530,-494.24640,0.00000,0.00000,1.00000
90690.55470,48647.33590,-495.73160,0.00000,0.00000,1.00000
90689.71880,48615.60940,-493.97190,0.00000,0.00000,1.00000
90689.58590,48585.94530,-492.86870,0.00000,0.00000,1.00000
90689.07810,48563.32420,-492.17680,0.00000,0.00000,1.00000
90688.75780,48540.69530,-491.09990,0.00000,0.00000,1.00000
90688.31250,48512.61720,-488.93950,0.00000,0.00000,1.00000
90688.05470,48487.50780,-488.95290,0.00000,0.00000,1.00000
90687.89060,48468.62110,-488.96070,0.00000,0.00000,1.00000
90687.49220,48448.59380,-487.53130,0.00000,0.00000,1.00000
90687.07030,48418.81250,-484.64590,0.00000,0.00000,1.00000
90686.72660,48400.26950,-482.84950,0.00000,0.00000,1.00000
90686.74220,48388.78130,-479.21160,0.00000,0.00000,1.00000
90686.57810,48383.30470,-469.76640,0.00000,0.00000,1.00000
90696.67970,48935.35550,-562.85950,0.00000,0.00000,1.00000
90697.70310,48930.96480,-573.56050,0.00000,0.00000,1.00000
90697.89840,48922.05860,-575.51320,0.00000,0.00000,1.00000
90697.78910,48915.33980,-575.69510,0.00000,0.00000,1.00000
90697.68750,48907.03910,-575.67520,0.00000,0.00000,1.00000
90697.60940,48896.16800,-575.25350,0.00000,0.00000,1.00000
90697.30470,48886.09380,-574.04500,0.00000,0.00000,1.00000
90696.42970,48874.45310,-573.62770,0.00000,0.00000,1.00000
90695.77340,48866.75780,-573.61380,0.00000,0.00000,1.00000
90694.42970,48854.73440,-572.60630,0.00000,0.00000,1.00000
90693.49220,48848.63280,-571.41270,0.00000,0.00000,1.00000
90693.14840,48840.73830,-570.01230,0.00000,0.00000,1.00000
90692.95310,48834.22270,-568.41640,0.00000,0.00000,1.00000
90692.63280,48821.60160,-554.30760,0.00000,0.00000,1.00000
90696.47660,49375.57420,-606.79680,0.00000,0.00000,1.00000
90697.20310,49368.57810,-613.16420,0.00000,0.00000,1.00000
90696.84380,49360.42970,-614.73630,0.00000,0.00000,1.00000
90697.42970,49352.05080,-615.10890,0.00000,0.00000,1.00000
90697.35940,49343.69140,-615.48670,0.00000,0.00000,1.00000
90698.68750,49332.91020,-615.44940,0.00000,0.00000,1.00000
90700.31250,49322.11720,-615.40980,0.00000,0.00000,1.00000
90699.92190,49311.77730,-615.38720,0.00000,0.00000,1.00000
90700.61720,49297.03130,-614.54900,0.00000,0.00000,1.00000
90701.83590,49287.05080,-613.71860,0.00000,0.00000,1.00000
90700.99220,49275.92190,-613.69760,0.00000,0.00000,1.00000
90699.67970,49267.19920,-612.49220,0.00000,0.00000,1.00000
90699.36720,49257.25390,-612.86800,0.00000,0.00000,1.00000
90699.17190,49247.70310,-612.84580,0.00000,0.00000,1.00000
90698.67970,49238.16020,-613.62200,0.00000,0.00000,1.00000
90698.35940,49225.82420,-613.59390,0.00000,0.00000,1.00000
90698.41410,49213.88280,-613.56380,0.00000,0.00000,1.00000
90698.32030,49201.53910,-613.93190,0.00000,0.00000,1.00000
90698.33590,49184.82030,-613.89030,0.00000,0.00000,1.00000
90697.96880,49172.88280,-613.86350,0.00000,0.00000,1.00000
90697.90630,49161.74220,-612.64220,0.00000,0.00000,1.00000
90697.84380,49152.98050,-613.81500,0.00000,0.00000,1.00000
90697.79690,49143.03130,-613.79060,0.00000,0.00000,1.00000
90697.49220,49132.29300,-612.17430,0.00000,0.00000,1.00000
90697.29690,49125.13280,-610.56600,0.00000,0.00000,1.00000
90697.13280,49112.00390,-608.54470,0.00000,0.00000,1.00000
90697.00780,49105.65230,-602.16170,0.00000,0.00000,1.00000
90696.95310,49103.67190,-593.77910,0.00000,0.00000,1.00000
90967.47660,48923.20700,-521.01560,0.00000,0.00000,1.00000
90966.90630,48908.32810,-555.80330,0.00000,0.00000,1.00000
90966.54690,48868.60940,-558.67100,0.00000,0.00000,1.00000
90965.96880,48828.30860,-557.98270,0.00000,0.00000,1.00000
90964.92970,48787.43360,-556.11130,0.00000,0.00000,1.00000
90966.25000,48748.87500,-550.67080,0.00000,0.00000,1.00000
90959.14840,48710.54300,-539.96300,0.00000,0.00000,1.00000
90964.66410,48677.80860,-533.91130,0.00000,0.00000,1.00000
90967.57030,48652.85550,-526.12120,0.00000,0.00000,1.00000
90964.63280,48614.40230,-521.30730,0.00000,0.00000,1.00000
90962.60160,48580.08200,-515.31110,0.00000,0.00000,1.00000
90962.06250,48544.52730,-512.85630,0.00000,0.00000,1.00000
90962.50780,48516.65630,-511.00540,0.00000,0.00000,1.00000
90960.67970,48482.91020,-510.93600,0.00000,0.00000,1.00000
90960.53130,48458.01170,-512.06070,0.00000,0.00000,1.00000
90960.03130,48435.48830,-514.97210,0.00000,0.00000,1.00000
90959.79690,48411.76170,-522.02740,0.00000,0.00000,1.00000
90959.95310,48398.71090,-523.77180,0.00000,0.00000,1.00000
90959.32810,48388.07420,-511.45260,0.00000,0.00000,1.00000
92432.92100,47336.30700,0.00000,0.00000,0.00000,1.00000
88949.18200,47336.30700,0.00000,0.00000,0.00000,1.00000
88949.18200,49238.52400,0.00000,0.00000,0.00000,1.00000
85465.44300,49238.52400,0.00000,0.00000,0.00000,1.00000
85465.44300,51140.74100,0.00000,0.00000,0.00000,1.00000
88949.18200,51140.74100,0.00000,0.00000,0.00000,1.00000
92432.92100,51140.74100,0.00000,0.00000,0.00000,1.00000
-0.003263842017408719303056541250
0.000919937637150526144394491190
0.012186752293605038199864054604
0.023232241903217518835811361555
0.002501466963219260795231457806
0.001006221679159693179611556602
0.017277158536447810577296735346
0.024373041892681867465197953493
0.000520727668803881000268718449
0.000087578757689639824221029818
0.006439999162482446838640104403
0.001993684049606563556122917902
0.000497761836374119369212631891
-0.000018551222760941826013438710
-0.001529103287078440202503837320
0.000518147315254611638864201684
-0.000390058747811857994824968898
-0.000008631859658213948961985422
-0.001905586803601287855525203696
0.000592074296378404074485402031
0.000142446692495808266594459202
-0.000040269100717459027844510183
0.000259476096468075519141383012
0.000008759759985638562444667903
-0.000012944837509316302998855358
-0.000048851706948648096658083251
-0.001496377965876071738579589088
0.000042932608716344482625935225
0.000017307679053625048948674217
-0.000038171400584148897951186630
-0.001300889806107416229660755924
0.000024062408946947334620119693
0.000032895504965532248065496895
-0.000043709222187564616068315010
-0.001722764251668163631991959051
0.000051829191394348592993035485
0.000004047232391235893860523612
-0.000052780652371067498672321111
-0.002406320272411865621164928086
0.000132050748011592131029093289
-0.000097724215742047153450411390
-0.000036790497497896562434024914
-0.001346773915836104546991935926
0.000107112179384792678585140713
-0.000000460276627932095314143965
-0.000015295286768446315401768706
0.000021644826923274698921365045
-0.000007263649014610506123035012
0.000177435051496484008952056466
-0.000053108927209779272621791024
-0.001757336054951957014791386058
0.000091166908903396625036587297
-0.000069543711319493902063559876
-0.000079973433258840589607507887
-0.003370823816479757723679755443
0.000246677954614485004606466712
0.000172689552707353991640656932
-0.000084897044367132157641209211
-0.004176621212806484392809913686
0.000644830645882478892955136374
0.001843874046570787928259194111
-0.000078776285221010200411802249
-0.014413604901667905269779801358
0.004795826450131986801173056278
0.005153178184768980076013722424
-0.000633104274139691634848414736
-0.032047905379871455266993507394
0.037741716316630063987602738962
-0.007277902198332306463179897094
-0.000703750276399484411826712460
-0.020332742664720938885469792012
0.034046412372645537547377614374
-0.006909945708000440195428737411
-0.003351304710385614744200255544
0.015769338362352003368727082488
0.036635371611033487604380809444
0.004137073474310198548109518413
-0.003636567737531369148146209724
0.027390127427258166570300801368
0.037828281334074884134643923517
0.002133967648839555503181841800
-0.000355707213808488791496192905
0.013446134192976390286933252582
0.004283122590340980410938964695
0.000671745183806813695760740135
-0.000083244980327049970217530295
0.001885700246584355067869243072
0.000894229394344162108014539836
0.000294808147873744093130088384
-0.000045357612836877537598051502
-0.001915380768855339367953694030
0.000251429012380437774502872639
0.000825858059497741755182464995
-0.000174115102359836802390843924
-0.007610034330407436549414956772
0.000657873226319285694420335719
-0.000894990493477385278681124348
-0.000274224742338282094673840295
-0.007330023183678243368921467749
0.000914104844111600172394671571
-0.000232142437951648051685377139
-0.000122534246175083779382963822
-0.001640728020661583056241661360
0.000102919430521736989122237593
0.000533010622849853826950294877
-0.000373397610202928092754809386
-0.003506655178053110465119512895
0.000185205113082540970791123325
0.004238901499783720265568387475
-0.002593164547442680829825167876
-0.018058291507571651995922579204
0.003025493388060900880331960394
-0.002087894772859943872539423282
-0.002776237492315245403845525018
-0.025308280560153134652878748057
0.004971443397411030168386858463
0.002585230767766359162573852615
-0.000989967989774761950375059349
-0.027846154426758844974143514150
0.006380779350251918231873293763
-0.003218040433923302807983635176
-0.000871457516684447683168179832
-0.030656215317321374586034821164
0.018243259693500005202970726259
-0.002037226234622231419574278632
-0.000403969473122888801924074142
-0.015122021903004418882932036183
0.016334002652217904927312019936
-0.007461989624844196818120867221
-0.002700039867842378253637303231
0.026210219424055047898747261570
0.023745488386946424913537256884
0.004698196563620408126860095166
-0.002140239123846135980977489766
0.037411200248812725988045713166
0.025572402377866267075834372235
0.002133819865552985528545093530
0.000167214054852788220669607133
0.013789903846166601253386829740
0.002540626404592646100238928497
-0.000014120361815385119221163100
-0.000110288179521274485564603929
0.005322626603199018952006227323
0.000384962288270353312352733965
0.000673536241963540753194261690
-0.000003387049938214802921490447
0.002536382466170421928763900610
0.000112561328005187418627164320
0.000001288335416417249861269385
0.000049215953617129579969642628
-0.000320408547010614538040618182
0.000007345221429913458237174247
-0.000010151289453295843487248135
0.000071278162293150751555904920
-0.000266455486709784314727778032
-0.000003259349964270977117233299
0.000238879090503560809893857098
0.000064255088382178339781979071
-0.002018141859483918269801971945
0.000077064951789441050317153170
0.000549359473587167118809049260
0.000566074551203972291778254711
-0.005949813293683567892722319215
0.000428406925491379324873880696
-0.000793611547146634045690749559
0.000526755927762774544577395464
-0.004117482079191718720434511880
0.000363189191464810079510577845
0.001693189804435913173308314583
-0.001111940054216900130440448535
-0.007539939839568293201976789675
0.000972448148156681364991105188
-0.002088983064600446939301781057
-0.001079239542112882211874480554
-0.005553067570015155808571538643
0.001159038212455910325099361913
0.000406042087485141540113831038
0.000052169281641975076579433035
0.001771455883010537857291666342
0.000054581634665450312387992987
-0.000906422619315270226315883750
0.000222862589080699444133923381
0.004080006441230013200516246741
0.000371891838300246501455154080
0.000895862619012285747721602291
0.000209983212547750191373507889
0.004112670936230782697817787152
0.000299915648104055873254814024
0.000002665272897967842678985158
-0.000007466588901863682315297819
-0.000197706911080881386592877913
-0.000008788499172586708139986479
-0.000213228475493705863733767680
0.000014792513590184229449594686
0.001100570149950774821029364503
0.000046036880176460332478923648
0.000204207114989530326724584408
0.000008473997685948233543206005
0.001132372756091536581540824002
0.000007411060356373150886824357
0.000006558089362067493383349689
0.000010960842531418467694112433
-0.000168623883822294879340775164
-0.000009588280647792837190282467
0.000851656822661092031793994561
-0.000037767766498158339806903716
-0.004932996578860002721833577510
0.000416849850473900349588640690
-0.002563876200111944465148683392
0.000029551725284742141609513680
0.002590356718445353811919318332
0.001828941781505844356783829774
0.001721429996325815484428667368
0.000049206904165695090013453450
0.007317906377495141806432954468
0.000925920035319819116279016491
0.001234261420412346163880124017
-0.000174603065346937125733306484
-0.006905151668523721621151256755
0.000864758853225627388376650639
0.002804308144728878335327770799
-0.000580257603437474614969937559
-0.021338298294831466866972036200
0.004215490383065227664172169852
-0.003129154905423777062456469622
-0.000489899114307217899665081173
-0.020131535781611826357861971815
0.005811997087228385275303743640
0.007850229292365657959851255043
-0.000616298200397164398604832325
-0.033782537196545128765912124891
0.028093468370973945918978031955
0.004381251882035246993096766488
-0.000900601390868414246673734347
-0.040753053303948023888825247241
0.082868566064170368079544459761
-0.013158701286144994929694362895
-0.000313179934931463483261532277
-0.014424617420594863445582056727
0.055010261785766630115990238892
-0.000649338328267103450687491861
0.000260844446394245012277313123
0.004958097721614537073397954714
0.011171725431480501039560593313
0.000583480257918004272844891833
0.000333244287971761843445556162
0.006002671541315661787874269351
0.010736259579172572481420289137
0.000075500473127530906211624107
0.000050202175938449252693557279
0.000819500943681305974233830547
0.000943409964985616783690602904
0.000016405949525788490999788499
0.000005655655633679407888838621
-0.000765574555254445164066690044
0.000090172468728507196820964875
0.000064450925824376752138432367
0.000029038639650029306221072981
-0.002336740242027524235013391518
0.000239264913819010389310973363
0.000069944826491826075183164124
-0.000469481025520067775467364379
-0.004896147909473308294792115447
0.001060882616837514631075167770
-0.000003278604839104192802051252
-0.000286510963446188788184693097
-0.005668211430408512038758850338
0.001419115148406493564364749815
0.000270782020533829963747363134
0.001016889446503712029351573776
-0.007936994170586129590527768585
0.002102360064558187954797396912
-0.000346153415887797430514766228
0.000502071673501674662319638198
-0.006908165794055758611447171091
0.001911903716099978747106069576
0.000059383752664586211952521544
-0.000298450852881852724506062113
-0.003999098281276746227885787732
0.000594788051021988566254006248
-0.000086702297452273530261809831
-0.000199953956499088078774609145
-0.003381270331471393324196395014
0.000498781032572795488162775701
0.000030884204904596909051564535
-0.000023741553054090403824952574
-0.002148696389939944769581492423
0.000115398971338340580088457910
-0.000083044876805104175386713916
0.000018984754283592054197558896
-0.001214473245174570517623813259
0.000050489622495224126795271974
-0.000074188534640996407092984610
-0.000025769431720792009688067101
0.000876724906442734514856740535
-0.000027089510804056087358085425
-0.000176323869270119548300843060
0.000062574815582895233485698216
0.003713130855068158889253915333
0.000298718760823107377672808171
-0.000216798505772994402071920939
0.000097674963523890326365720083
0.008205848446118978525842813099
0.002285326252814760730064369554
-0.000217726537512082378607314315
-0.000104803629062677849492594973
0.010093515219747323588550536044
0.003674677041707684940069489343
0.003540331668545382542284682970
-0.000883625234695137426639555134
-0.010771112033031925506176840202
0.016634119590149581274785006713
-0.002855585004272387459473003801
-0.000982927126432344821366227094
-0.015258788828933993186875994752
0.017669340129229167690727564377
-0.000000071761716499282584527668
0.000055638583202508514759764002
-0.000031728974825828530625937418
-0.000010444729660438283375578812
-0.000000034290283575774635106359
-0.000037888197490252762300762257
-0.000012188511079278702977594234
-0.000000646364832616620163664278
-0.000000084414136613406114109776
-0.000077024596445890642412018812
0.000001394938281602807124108924
0.000045718673922936233064342332
-0.000000002185997350871105642524
-0.000000507334233049558501521721
0.000001771697139560202617595695
-0.000021444308321718504842419428
-0.000000000877529955276090631504
0.000000805192740049186738979031
-0.000001581123057381852495725783
-0.000027683102459764409797792969
-0.000000012528392451835763536566
-0.000019885256512772770830146246
0.000011073968170820861883210315
0.000010205138228712899454357459
-0.000000028928148872722490620064
0.000026053882777718535726334259
0.000023209155060588712137913808
-0.000014728464854988514005332441
ENDSurf
Surf
90703.43750,49635.53130,-763.02690,0.00000,0.00000,1.00000
90703.28130,49644.04690,-760.90360,0.00000,0.00000,1.00000
90705.21880,49665.55080,-758.49910,0.00000,0.00000,1.00000
90705.42190,49693.30080,-757.37880,0.00000,0.00000,1.00000
90705.68750,49715.71090,-757.27000,0.00000,0.00000,1.00000
90706.24220,49738.17190,-760.59890,0.00000,0.00000,1.00000
90706.21090,49764.48440,-762.88190,0.00000,0.00000,1.00000
90706.73440,49786.91800,-763.77010,0.00000,0.00000,1.00000
90707.18750,49802.56640,-768.10600,0.00000,0.00000,1.00000
90707.14840,49829.89840,-774.77260,0.00000,0.00000,1.00000
90708.49220,49858.22660,-776.18160,0.00000,0.00000,1.00000
90709.03130,49896.26170,-778.93110,0.00000,0.00000,1.00000
90709.15630,49927.93360,-780.70820,0.00000,0.00000,1.00000
90709.27340,49957.70310,-786.88540,0.00000,0.00000,1.00000
90709.55470,49966.56640,-799.14870,0.00000,0.00000,1.00000
90972.32810,49336.68750,-655.47360,0.00000,0.00000,1.00000
90972.53910,49349.79300,-648.88430,0.00000,0.00000,1.00000
90972.70310,49368.14060,-645.65350,0.00000,0.00000,1.00000
90973.14060,49392.37110,-647.67540,0.00000,0.00000,1.00000
90972.56250,49416.61720,-652.32540,0.00000,0.00000,1.00000
90973.61720,49438.86720,-652.37240,0.00000,0.00000,1.00000
90974.28130,49461.78910,-650.45890,0.00000,0.00000,1.00000
90975.82810,49490.57810,-649.86330,0.00000,0.00000,1.00000
90974.75780,49516.81250,-650.59190,0.00000,0.00000,1.00000
90975.34380,49543.00390,-651.96240,0.00000,0.00000,1.00000
90975.66410,49568.55080,-652.02340,0.00000,0.00000,1.00000
90976.21090,49597.36720,-652.09060,0.00000,0.00000,1.00000
90976.12500,49622.26950,-650.84310,0.00000,0.00000,1.00000
90976.92970,49629.45700,-650.85470,0.00000,0.00000,1.00000
90976.75780,49651.07420,-654.83980,0.00000,0.00000,1.00000
90976.91410,49679.89840,-655.56530,0.00000,0.00000,1.00000
90977.85160,49712.62890,-657.60430,0.00000,0.00000,1.00000
90977.47660,49733.59380,-668.20970,0.00000,0.00000,1.00000
91040.44530,49351.73050,-611.21730,0.00000,0.00000,1.00000
91040.55470,49388.60160,-604.09090,0.00000,0.00000,1.00000
91040.54690,49414.39060,-605.20860,0.00000,0.00000,1.00000
91040.70310,49456.63670,-609.63950,0.00000,0.00000,1.00000
91040.73440,49493.65230,-611.93790,0.00000,0.00000,1.00000
91040.85160,49539.68360,-612.64530,0.00000,0.00000,1.00000
91040.98440,49585.51170,-615.60160,0.00000,0.00000,1.00000
91041.17190,49629.32030,-620.29790,0.00000,0.00000,1.00000
91041.20310,49659.23440,-622.15500,0.00000,0.00000,1.00000
91041.28910,49690.68750,-628.04800,0.00000,0.00000,1.00000
91041.24220,49702.08590,-639.01100,0.00000,0.00000,1.00000
92432.92100,47336.30700,-700.00000,0.00000,0.00000,1.00000
88949.18200,47336.30700,-700.00000,0.00000,0.00000,1.00000
88949.18200,49238.52400,-700.00000,0.00000,0.00000,1.00000
85465.44300,49238.52400,-700.00000,0.00000,0.00000,1.00000
85465.44300,51140.74100,-700.00000,0.00000,0.00000,1.00000
88949.18200,51140.74100,-700.00000,0.00000,0.00000,1.00000
92432.92100,51140.74100,-700.00000,0.00000,0.00000,1.00000
0.003145306498250927985937952513
0.000295909167309628840653035198
0.012859064431914448561888875133
0.003463110020553290986644601190
-0.002904905189025976455785560404
-0.000016748391630931795475388524
0.015883133756247082984947027740
0.003652452158091336505141288882
-0.000180944349079998489807433182
0.000389973360786652562329224203
0.003235749224457227981449625176
0.000378834249061522150732461700
-0.000041869749335504936546287907
0.000091075290148486242334038843
0.000831422077706952698458731099
0.000066894326446861161077940550
-0.000293031169798969122388537789
0.000008077452947743428800903530
-0.003080387199184719902028684047
0.000528608838110962322813513037
0.000160768416415340160410471504
-0.000005303772818034999629718471
-0.004820732635655833840659933998
0.000622025104669805166748841607
0.000045775037227046255739696529
0.000018285708362839216264625342
-0.002510309489839343630862567025
0.000189102372025868329307937699
-0.000932662995367305623292675243
-0.000180261088752720885280619867
-0.008791100521001004100551945442
0.002269345264418964457781013877
0.000712455154269989112021665978
-0.000175976824744251649683748906
-0.012008006072185724300016573807
0.003184194818337266440211319463
0.000238021115374917021159650865
-0.000033834326606319322890744500
-0.004966881868634152701058592783
0.001022699370123447042482678349
0.000012443634197011837312033672
0.000006691410464446667423368906
-0.001815104431218407445708384884
0.000121698435455096297223842594
-0.000005750334875928012060204188
0.000019718179682887295958064813
-0.001823749759920205697899531216
0.000158648619725923874452036544
-0.000171718670361393794133314517
0.000009252955685703494152359767
-0.004158960926823859587109222247
0.001072636514368077069805917922
-0.003316013094954769774985736674
-0.000455768647761209855402697588
-0.018976250843429562364939044983
0.022360232111174386387952850441
0.003543557158000810915904343901
-0.000478523145795118937280421267
-0.015866963568683924157287634671
0.021517520461731422243278899487
0.002110824304481483289219756472
0.001123104052186205646657324309
0.013226686296063085157559413574
0.007035228680787598311285879760
-0.001566663217485493629979598218
0.001065244310858274147738034010
0.018081813241331474301221149403
0.008274438922828303635825797357
-0.000610567774603891131289523653
0.001083930283234324975713547268
0.002870413922085410241002989551
0.001784437739776387329623807965
-0.000133305945155203544585584274
0.001299765445068013294815933989
-0.005324588705423862443344429352
0.001702601859236746190823241776
0.000318257883806318453076555919
0.000625447627843911738154680791
-0.003783061940042415326190816671
0.000951428391543752754663798576
0.000182245505986803062355161575
0.000885438835614146455520179213
0.001705411263175975146097473889
0.000590110553993642328492186255
-0.000104552660535187457563864599
0.001076209768403525550428678770
0.002107986105559894653843633350
0.000842984233198384720446572071
-0.000029225759498843295012019891
0.001438716545486747391824344788
-0.000192326649165916322477970501
0.000820994179016612860531887375
-0.000010998647036918886730149335
0.000909942074805704229946423656
-0.001489194522483338603210945017
0.000629197133725613983422364495
0.000099589614946972139725503426
0.001046391842641208142980491225
-0.001047299545135394307007747905
0.000601571922117184547905421876
0.000030283071931565295960590498
0.001145821557648260676995355389
-0.000086877363436381414819008329
0.000635906803423900643390531684
0.000112152655099164252515062112
0.001147795421212644256109269847
0.000918192350731697123911168035
0.000583966568771465688314492581
-0.000100387859692577881189773370
0.000403695091792102866198183042
0.000830362249957078001234844766
0.000321602960089588710800023730
-0.000315457579886756613127968274
0.001153075833119705101426077931
-0.004089044988342907527290037706
0.001383997920568647661473948851
0.000371606842894870999065293216
0.001022944008565114352993230540
-0.004425512440551216536421819114
0.001099781951499969072025275629
0.000007054831966203805346075917
0.001217594320112528726712808336
-0.001376069495440661099791568311
0.000763148996253212581579450369
-0.000731691581628151265989656871
0.001232919848531980212130720886
-0.009469480195722130080882017467
0.004988726101237899758500393688
0.000834448254756964226050430788
0.001311338425712815260182342314
-0.008692847144180261553803035213
0.004444294347612144473191886362
0.000065805513135120560189346428
0.002142434245797257032217775219
0.003343203450282565894480235613
0.001998003810779248358431292587
-0.000223526418463837814451164454
0.000830358591459825351455137366
0.001661106520551850406972049790
0.000816253372977643310536011167
-0.000029570144292236416383229045
0.001191285279115921391310251032
-0.002114570444984516326553114496
0.000893890908633330192635535472
-0.000031910029814066306788448990
0.001466573387580465646917726730
-0.001923029596305893479737947338
0.001157233196848140351770117817
-0.000007696085109876849329204294
0.001493752828094989382190505012
-0.001037848890376543179933643835
0.000996483383134795638533254269
-0.000072941691811857154977352669
0.001584116540340405662051770364
-0.000844795201751741796358796677
0.000936947246190449360356278241
-0.000075133532353375263347639024
0.001598496598774094140660295693
-0.001819223998783916487406719931
0.001020634237247019853941920609
-0.000056785592456734482072564646
0.001360164627048761516736608002
-0.002081656231850486163392766059
0.000930064477266578882794223482
-0.000148847010633171609409602931
0.001038790016642812284383690091
-0.003830534700492918033509770481
0.001060293164141322408422496437
-0.002604791421354417900457800528
0.000549771155244969771114238455
-0.018701164423483355309096864971
0.015470449463264488235147986472
0.002710386136960434271675479678
0.001791967323302103183568778633
-0.016656652111969202229024844542
0.016288151864766807486173405550
-0.000000007204530537476946996700
-0.000007036284394281680604709382
-0.000010671370242050510544306978
-0.000035970179183007484728651360
0.000000001877949002513946022725
0.000002893177650220694562373724
0.000001632154957435987547155302
-0.000008468767348753572025130999
0.000000004919084429819305725813
0.000000268902709615682797748783
0.000001251858474839552969097795
0.000009056591798108813167367433
-0.000000000093273893868370701052
-0.000000132979257074608139352836
-0.000000027320718601634065417787
-0.000014712050907524978351440664
-0.000000000330582541870969121570
-0.000000514876107859977068411089
0.000000421331367463985600706064
-0.000021653196306643606545636049
-0.000000003721039789226031399119
-0.000006394494200211285237726161
-0.000000120857042088234973798569
-0.000001943424788117194233218708
-0.000000028955801483325196176779
0.000003594990051314290627855128
0.000023169704965372032507602354
-0.000038859498395505708066670347
ENDSurf
Surf
90709.55470,49966.56640,-791.14870,0.00000,0.00000,1.00000
90709.31250,49959.91410,-812.23920,0.00000,0.00000,1.00000
90709.25780,49941.03520,-823.07600,0.00000,0.00000,1.00000
90707.57810,49907.84380,-823.61870,0.00000,0.00000,1.00000
90707.92190,49873.23830,-818.48270,0.00000,0.00000,1.00000
90707.15630,49833.24220,-815.23840,0.00000,0.00000,1.00000
90706.78910,49788.37500,-810.10420,0.00000,0.00000,1.00000
90706.21880,49752.74610,-804.89910,0.00000,0.00000,1.00000
90705.68750,49718.12110,-802.13060,0.00000,0.00000,1.00000
90705.30470,49689.34380,-798.85250,0.00000,0.00000,1.00000
90705.17970,49662.01560,-793.63570,0.00000,0.00000,1.00000
90703.30470,49643.31640,-784.32230,0.00000,0.00000,1.00000
90703.43750,49635.53130,-755.02690,0.00000,0.00000,1.00000
90977.47660,49733.59380,-660.20970,0.00000,0.00000,1.00000
90977.80470,49697.52730,-673.28790,0.00000,0.00000,1.00000
90977.98440,49666.72660,-673.21000,0.00000,0.00000,1.00000
90976.78130,49637.27340,-671.83620,0.00000,0.00000,1.00000
90976.54690,49609.10550,-672.42310,0.00000,0.00000,1.00000
90975.85940,49580.28910,-674.32200,0.00000,0.00000,1.00000
90975.37500,49543.60940,-673.57970,0.00000,0.00000,1.00000
90974.92190,49505.61330,-675.45400,0.00000,0.00000,1.00000
90974.82810,49476.14060,-672.10630,0.00000,0.00000,1.00000
90973.60940,49441.44920,-669.40960,0.00000,0.00000,1.00000
90971.70310,49413.32810,-667.38970,0.00000,0.00000,1.00000
90973.14060,49392.32420,-667.98120,0.00000,0.00000,1.00000
90972.46090,49360.89060,-667.25350,0.00000,0.00000,1.00000
90972.51560,49346.48830,-661.97700,0.00000,0.00000,1.00000
90972.32810,49336.68750,-647.47360,0.00000,0.00000,1.00000
91041.24220,49702.08590,-631.01100,0.00000,0.00000,1.00000
91041.27340,49696.02340,-640.68870,0.00000,0.00000,1.00000
91041.24220,49674.52730,-641.62740,0.00000,0.00000,1.00000
91041.21880,49657.95310,-640.33150,0.00000,0.00000,1.00000
91041.01560,49614.18750,-637.11490,0.00000,0.00000,1.00000
91041.03130,49593.42970,-636.37010,0.00000,0.00000,1.00000
91040.95310,49571.74610,-635.62750,0.00000,0.00000,1.00000
91040.87500,49543.52340,-633.72610,0.00000,0.00000,1.00000
91040.81250,49512.86720,-633.47710,0.00000,0.00000,1.00000
91040.70310,49477.71880,-632.10110,0.00000,0.00000,1.00000
91040.67970,49447.40630,-632.94580,0.00000,0.00000,1.00000
91040.57030,49425.47270,-631.69130,0.00000,0.00000,1.00000
91040.50780,49399.01950,-629.87330,0.00000,0.00000,1.00000
91040.55470,49378.62890,-627.58010,0.00000,0.00000,1.00000
91040.50780,49368.75000,-624.84730,0.00000,0.00000,1.00000
91040.45310,49357.37500,-618.92780,0.00000,0.00000,1.00000
91040.44530,49351.73050,-603.21730,0.00000,0.00000,1.00000
92432.92100,47336.30700,0.00000,0.00000,0.00000,1.00000
88949.18200,47336.30700,0.00000,0.00000,0.00000,1.00000
88949.18200,49238.52400,0.00000,0.00000,0.00000,1.00000
85465.44300,49238.52400,0.00000,0.00000,0.00000,1.00000
85465.44300,51140.74100,0.00000,0.00000,0.00000,1.00000
88949.18200,51140.74100,0.00000,0.00000,0.00000,1.00000
92432.92100,51140.74100,0.00000,0.00000,0.00000,1.00000
-0.001959818417740212970895585798
0.000345319399390819643108629933
0.006918764213693803094562539968
0.020666151778287896595420747303
0.000894506806129954879988619432
0.000238211180575349595021916738
0.016572039434246774169956495371
0.026113153122010662049445883781
0.001042084783349686311765269764
0.000089108117418694167367540504
0.010155915153571663800402546940
0.005706523479952606975329487682
0.000143459015834353518841978725
-0.000003107348883294732167794326
-0.001768898454414442791143846634
0.000678604665202138567295375715
-0.000068646245267818146724818351
0.000086934692947614305969482318
-0.003044492499523168260039396316
0.000589098052649157958790548939
0.000005717288737616349872697977
0.000039813968164211995003683858
-0.002258746617882986806868927943
0.000201619472816918371155942014
0.000056265022799384834407271372
0.000058745490720558345934965844
-0.003239143650474390380422651248
0.000416691917246292604145446736
-0.000044735669165350644513757389
0.000053253962021239674472575243
-0.003120029446002600161114148847
0.000485848080959515012458571626
0.000070002773632144889293105194
0.000034156720478213720203295584
-0.003077219342264771607259321584
0.000414523739520043863881343382
0.000114263482374857600781282996
-0.000010372209648654544538078082
-0.005218836977462506035441158758
0.001218545434471149293415015435
0.000784541733841297877528886406
-0.000759195413481384274827223901
-0.012635557472491041469675465692
0.005742823068473832705260750942
0.000030683393934421288170785735
-0.000871969356046659710944568555
-0.014038932479546833292927132675
0.019675536932089163211223592498
-0.001056306052683911832212881876
0.000547134782289249990347435038
-0.004904250778434766054603155538
0.015758495654227887977638644657
-0.000191797033903522899742771779
0.001915171422014803979255725963
0.003587978789419309349345565963
0.002761955071136737091541668576
0.000264946238471557829387975636
0.001288251309936012858198273179
0.004076057882436838995798833452
0.001949177910515532833116147948
0.000092998965237465320253507084
0.001493059909385888997176983217
-0.000821267437966031262248922662
0.000653207406582558144057804039
-0.000046032556795303550798998532
0.001247625140020461841083854182
-0.000430443130704063754536636832
0.000724550266670722633785550748
-0.000015847796874028032985872588
0.001405782283908804186980945339
0.001444511773013885643293652272
0.000825036029394447725099359658
0.000127420786840113595952614367
0.001358089847110464064294799158
0.000781230373514180142548168906
0.000715301752768100350572677559
-0.000004775868595341966670942465
0.001662435279174286854170228267
0.000326048363674516234866213038
0.001093797595702955148186386047
0.000192666550285866951209776121
0.001229653717711276517121632423
-0.001195626354851658020711502317
0.000767883158487944468377495166
-0.000025979866574485190787663705
0.001388368164481798691309299976
-0.002976351095527896700732028989
0.001112158472879931853452561974
0.000060149515356710156715851212
0.001225411081220745875691724436
-0.002351212525965118774196049856
0.000785079173631196168200996333
-0.000132783144519752236778833976
0.000523445795323323461931130929
-0.000561878491893135845539064555
0.000648560242087308489768171516
0.000120897785114022275035523812
0.001182801223763302192817925551
0.000255649612148874441890783471
0.000621253824550538954335499042
0.001459322651180351053737394018
0.000580130718472127702468876809
-0.010838076185662123135378109851
0.003965180494101421676544916295
0.001237657448300342457811473729
0.000033569775652305849412710553
-0.024067261505912349722757781478
0.023072124649187439326958326546
-0.002651469546222533831686396510
0.001627585843250308091090250429
-0.013146005530389260826384933978
0.021286117095361923451379837502
-0.006551952050236275852668210717
0.000269075788677253192535121507
0.019533752857103493794088677760
0.030760684692347217694674554878
0.006343783927788078542964189666
0.001482443275825811798696030053
0.020557608203683800512928669946
0.032279517575987029531781047353
0.000389940873659509453039856419
0.000983293616727556711587521221
-0.001088889364457234143132580151
0.001892437126562877217766933668
-0.000282998984767525408549199151
0.001195482972481380027490738271
-0.002965192258164782261598002577
0.000856995328826169354072272988
0.000007808059434859239390184366
0.001188601536376680768355984519
-0.001809511094964479181040895028
0.000682586411214517623825825954
-0.000035930594331352798767066636
0.000792766234502372468470610123
-0.001631510538103169956694604714
0.000510091569638116792799464871
-0.000019143277462204256848810058
0.000974966919311990318566807368
-0.001916539611115773743613144298
0.000727104851379601485605874700
-0.000105478853684156360600611413
0.000983418615421707744544965735
-0.001287725382769506175806295545
0.000656902451248912266738855248
-0.000016052510293306909689272158
0.001253588701855412471455886170
-0.000636709690074782207365455822
0.000866375392426450233879231533
-0.000096363340564753114411526702
0.001108155657936395893647940625
-0.000129100152808058816393879664
0.000694248721012340067396118037
0.000119371599213208504238446783
0.000994659248142221782268412866
-0.000877934308122011656909389199
0.000728532687688492898957226540
-0.000045093521227179808510271419
0.000853617314149784727449199462
-0.002538695673584645626924549688
0.000685062452959052706723264148
0.000144088271468783006741543051
0.000946702981547634840955862678
-0.003950310581710785723386081258
0.001249247579773331328148455732
0.002257622052735499054709755740
0.000705043756772832474859213914
-0.015098391229690349274461524942
0.004709651552899583350220158451
0.000277397634292369957374063683
0.000451996268387410251102243031
-0.028144757361616236368551113856
0.012781726740548221901705439052
0.000540587787813341181034076932
0.000839376960872682169670366825
-0.025036777783951372211568298098
0.035309206467305939702860939633
-0.003426699559658490188557289358
0.000190695241407233344842209188
-0.010003186330732579192859255102
0.025869400790621773639221814278
-0.000000049163806961838311025130
0.000025140260956677694035004550
-0.000047575880079603280481143762
-0.000019574358318580995928955002
-0.000000002901027015123254357342
-0.000010144477561727908190543704
-0.000004896122210168304924508918
-0.000006839718807197016539449214
-0.000000070681268925257368511280
-0.000074765523616478362137725833
-0.000006569682619349516837134982
0.000044016836402312162798526607
-0.000000002016615441973020112329
0.000000325370930339499957037523
0.000002493516947009845586516897
-0.000021595896697339081232638186
-0.000000001260541243692457134714
0.000000540126592388609113065299
-0.000001058365760393255154849347
-0.000027972365396453680470032280
-0.000000040523821354163049044079
-0.000047677063123422515908758634
0.000015068448785505958882049646
0.000026874325679898604553319519
-0.000000111319011547536370222423
0.000064961425900214567652653230
0.000072439772534283738492436044
0.000004682548127724441279994515
ENDSurf
Surf
89621.77340,50127.82420,-404.79760,0.00000,0.00000,1.00000
89641.19530,50125.73830,-403.42390,0.00000,0.00000,1.00000
89665.87500,50122.82420,-404.21260,0.00000,0.00000,1.00000
89690.69530,50120.22660,-405.18580,0.00000,0.00000,1.00000
89715.78910,50117.16020,-406.70970,0.00000,0.00000,1.00000
89740.95310,50114.45700,-410.33770,0.00000,0.00000,1.00000
89762.43750,50112.10160,-412.56250,0.00000,0.00000,1.00000
89782.22660,50110.12500,-415.49150,0.00000,0.00000,1.00000
89800.26560,50107.96480,-420.90270,0.00000,0.00000,1.00000
89810.28910,50106.82030,-429.24580,0.00000,0.00000,1.00000
89815.93750,50106.23440,-440.40990,0.00000,0.00000,1.00000
89618.63280,50128.15230,-417.72820,0.00000,0.00000,1.00000
89557.30470,50198.54690,-387.80640,0.00000,0.00000,1.00000
89583.39060,50195.68360,-382.52850,0.00000,0.00000,1.00000
89612.81250,50192.51170,-382.98800,0.00000,0.00000,1.00000
89637.96880,50189.69530,-385.07980,0.00000,0.00000,1.00000
89657.23440,50187.39450,-386.24510,0.00000,0.00000,1.00000
89679.89060,50184.96090,-388.28780,0.00000,0.00000,1.00000
89701.71090,50182.82420,-391.98930,0.00000,0.00000,1.00000
89725.12500,50180.41800,-398.25860,0.00000,0.00000,1.00000
89735.87500,50179.14840,-409.19470,0.00000,0.00000,1.00000
92432.92100,47336.30700,-700.00000,0.00000,0.00000,1.00000
88949.18200,47336.30700,-700.00000,0.00000,0.00000,1.00000
88949.18200,49238.52400,-700.00000,0.00000,0.00000,1.00000
85465.44300,49238.52400,-700.00000,0.00000,0.00000,1.00000
85465.44300,51140.74100,-700.00000,0.00000,0.00000,1.00000
88949.18200,51140.74100,-700.00000,0.00000,0.00000,1.00000
92432.92100,51140.74100,-700.00000,0.00000,0.00000,1.00000
-0.005177883723586891237533613719
0.010896367941920942837286112592
0.000319387080425175711763385866
0.035415894751466635292924678424
-0.000389520896058145622148360943
0.002053306891166941424570202557
0.000627723162644515104806319794
0.003503086205683799726762206461
0.000021169004814733101920267225
-0.001320645178932253627906989735
0.001017236877346013469020080677
0.000211295282981749350066300042
-0.000006314056439528962216269862
-0.001879688500821833242043767953
0.000961885638218527177535632777
0.000250672564338173212584309768
-0.000116492199839941546488444879
-0.003901374421511363994874432848
0.000692501204535969313615118015
0.000619196619813774766505343194
-0.000003695186803020760234813214
-0.005044028970045622700668630500
0.000488404388300679704291995531
0.000740863845549208908415617092
-0.000142121502106280913572261548
-0.005883320513381552589737832903
0.000668451081215085465836445167
0.000828201501987802218146539346
-0.000435777482247751482818259872
-0.010700470810105259036881797385
0.001304193634306591341801007111
0.002827690800018157514517103124
-0.002922131769395336191308398810
-0.025844278847937322829420025982
0.003055290681990434614040408334
0.017569467756398716301591278466
-0.001963530505156275106359853311
-0.034639788356907792732375384048
0.003815624636030909896250440383
0.047255947550230499587531340921
0.005690205831771506968241869373
-0.016320704914035623345203163126
0.001731476677476019099613524510
0.031547375795818413668492041779
0.005599076911759421140701853403
0.009804801463868967684178734601
-0.000366008869180483469886466796
0.034976194718498429536701621601
0.000269602624820774788762939300
0.003618054813504524049039279276
-0.000129009219817141266390889132
0.001086680229464185741192205903
-0.000303368007248160716660817515
0.003339210491516297722724981867
0.000080679432722482972571882709
0.000837624402090504475981713739
-0.000140470137156747671824258417
-0.001762472843728301588259177457
0.001118035072615605881804490274
0.000511939627883913474064303539
-0.000064017485165120555849586903
-0.002959807874912217390273028172
0.001279559569371533636270021894
0.000606287878198221558655178764
-0.000035962932855373635012991712
-0.003370189111082081898085327509
0.001160573399298427468839811638
0.000376304292326507124587242625
-0.000186402503753780858465269321
-0.005534253442011801554789585111
0.001220385256352452549646891988
0.000771982956250152354236993002
-0.000114262393725822993038702957
-0.008699708668461959837348018709
0.001336951180159532542868205951
0.002044606765340373569217469196
-0.002572779371494117450769323341
-0.021351819176673184075276878957
0.002669817262883803377776503751
0.017434602200694777202061303001
0.002994263380206501744956737454
-0.016497245612955662580345617130
0.002005946565414860102011251897
0.016846315004140254706355150915
0.000000001251460083221166709049
-0.000001516155794571761991011271
0.000001972782758917511077668494
-0.000024636388029963411693337716
-0.000000001408169683343143223646
-0.000001729341344279031238707054
-0.000000324112864147224406163118
-0.000011885408272444859264322867
0.000000236311428128333374568986
0.000076745814289205669051288639
0.000093013602737817053134512790
0.000051699755901756282779491852
-0.000000000633052859911527783465
-0.000001464430276884352835137714
-0.000001233203542579695203266653
-0.000016510067615234191542488221
-0.000000000551397715258270017423
-0.000001660499120335544488911137
0.000001979481631190376823836719
-0.000025202517599314171821336256
0.000000169220828265169184859872
0.000044255032286869787881439936
-0.000090303210954733708617711563
0.000022776030554105842487137151
0.000000007479143008988058104230
-0.000008221519758320475622262284
-0.000008866259105551978675395855
-0.000025738162763276594411417791
ENDSurf
Surf
89815.93750,50106.23440,-432.40990,0.00000,0.00000,1.00000
89809.74220,50106.87890,-441.51950,0.00000,0.00000,1.00000
89795.56250,50108.55470,-443.54390,0.00000,0.00000,1.00000
89773.03130,50111.08590,-443.24220,0.00000,0.00000,1.00000
89753.41410,50113.10160,-442.46770,0.00000,0.00000,1.00000
89742.23440,50114.31250,-442.56460,0.00000,0.00000,1.00000
89724.98440,50116.40230,-441.95550,0.00000,0.00000,1.00000
89707.99220,50117.91410,-441.43480,0.00000,0.00000,1.00000
89686.96090,50120.66800,-438.89220,0.00000,0.00000,1.00000
89673.59380,50121.90230,-436.15580,0.00000,0.00000,1.00000
89657.67190,50123.85160,-433.61040,0.00000,0.00000,1.00000
89642.37500,50125.61720,-426.98860,0.00000,0.00000,1.00000
89631.38280,50126.76560,-422.76060,0.00000,0.00000,1.00000
89624.11720,50127.57810,-418.96990,0.00000,0.00000,1.00000
89618.63280,50128.15230,-409.72820,0.00000,0.00000,1.00000
89735.87500,50179.14840,-401.19470,0.00000,0.00000,1.00000
89719.89060,50181.01950,-406.62190,0.00000,0.00000,1.00000
89697.99220,50183.14060,-406.30070,0.00000,0.00000,1.00000
89676.95310,50185.28130,-405.98300,0.00000,0.00000,1.00000
89655.91410,50187.53130,-406.50100,0.00000,0.00000,1.00000
89636.60940,50189.83980,-407.02430,0.00000,0.00000,1.00000
89614.78130,50192.32810,-406.67160,0.00000,0.00000,1.00000
89595.53910,50194.34770,-402.15170,0.00000,0.00000,1.00000
89573.78910,50196.72270,-397.58540,0.00000,0.00000,1.00000
89564.64840,50197.80860,-394.05430,0.00000,0.00000,1.00000
89557.30470,50198.54690,-379.80640,0.00000,0.00000,1.00000
92432.92100,47336.30700,0.00000,0.00000,0.00000,1.00000
88949.18200,47336.30700,0.00000,0.00000,0.00000,1.00000
88949.18200,49238.52400,0.00000,0.00000,0.00000,1.00000
85465.44300,49238.52400,0.00000,0.00000,0.00000,1.00000
85465.44300,51140.74100,0.00000,0.00000,0.00000,1.00000
88949.18200,51140.74100,0.00000,0.00000,0.00000,1.00000
92432.92100,51140.74100,0.00000,0.00000,0.00000,1.00000
-0.006787975440008716006279332333
0.021088548354590889999382596898
-0.001871719602838528648952598488
0.031164179157801282643580620402
0.006069859612679553290126577281
0.026234793083256536389002988585
-0.002996561681913928118503598341
0.030779567540598892771974703919
0.000750123618854313498234553936
0.004564880046876876838746195375
-0.000401447532391932440220400080
0.001603288832278951074605810589
0.000084090002484617684913419111
-0.001232947295227621725688393894
0.000558655785450486901469457912
0.000333483919337691997811234934
-0.000153052500767555471833727965
-0.000532761009297426954382792541
0.000588848901311903255920143785
0.000437179065694412417267950000
0.000201198511604804128240914229
-0.000574862965126833147348761610
0.000607171746851365573549585974
0.000300251532019631117709224100
0.000016610751393833270806799432
-0.001776837549440396469765945930
0.001085072820028335676204034321
0.000581595341144791957987969511
0.000176157110822316737702708522
-0.003554221829924540318468295652
0.001085789453921920865928085753
0.000632543510466763319634309060
0.000826945100487459544731649874
-0.009692508383535755958626545237
0.001837002771543705566259507833
0.002046328892046711707408679359
-0.000449854240470031656665139685
-0.011720433125663653681214348978
0.001802489384091488216349530305
0.002599025409947290123080509971
0.000827127915237364503935058035
-0.015479104863941661740511790413
0.002371507852108315460293308519
0.005221267943049180335068903958
0.001165566650442877768417693218
-0.024564838932368281837481660546
0.003202902034257055618321485824
0.010417586891015457109532782454
0.004265081168267326715282106164
-0.038515997424832040807451960518
0.004392911292306059777013071965
0.018616214063310380227855844737
0.000614137196428901307489189865
-0.045373010996289799001690568048
0.005018818778615113766761179903
0.046677039178097304295000924412
-0.007405256058097050425592655643
-0.021042960062388493119867050041
0.002570172575763716559665850170
0.034790635213047094165261796661
-0.001164498681428283730424078080
0.007677493780708056873851585777
0.000732961208106068040982195022
0.003845122479494523376475356713
0.001102849972648789131368651795
0.008540169155121003080610719849
0.000188643567251003360955505239
0.003902200978585071682730456288
-0.000026788936093270320214524902
-0.000580302562859188607487237466
0.001057676890346288681513109431
0.000494979210336683283881498152
-0.000116845283795981449244047456
0.000310966762027622674411514447
0.000871745340788065677453677615
0.000453351718033735554599233941
-0.000039048368912826024262029134
0.001304851044682762148743671027
0.000552125687251540388754411648
0.000463601723863607464038577577
0.000096082896529253117995361677
0.000344093663099384226237292816
0.000291626808803198639494930200
0.000349463913173054965908420622
0.000539436042195815868872943444
-0.005887778850128994739820953441
0.000830643782727113967785659288
0.001375592192677343398449218981
-0.000168959372452582630040260336
-0.009946086985363592619657779892
0.001204622828704528638213422376
0.002499946105019578389272449925
0.003313956066360327669395591244
-0.021044292408889286177808841671
0.002592377832238355796906636996
0.008279744430381713246602792822
-0.000264060403064376189672529671
-0.029832809794239564804563258349
0.003439231646139343043927505406
0.030648325044938015682127741002
-0.003472416808094672645290668100
-0.013363285158667959767742061672
0.001392945337368039788322748862
0.024215634061691016648554253266
-0.000000000066740283817705125100
0.000000460125713723524417764975
-0.000001415676600872488917498169
-0.000025397789246886569389932697
0.000000004472703873506660303631
0.000005026887122014464542472598
0.000002097622119628184537737554
-0.000014507811667924197125407841
-0.000000186911790213053488138379
-0.000067844763422505167233499124
-0.000095124362014345454578029271
0.000045219046142560809611096045
0.000000000414769336716313527903
0.000001526549016509774760492622
0.000001520994618352586661886336
-0.000016687153103901116747969507
-0.000000000234186289176332073073
0.000001163371608271214739050640
-0.000001336479118787159672869730
-0.000025153743962845838053315334
-0.000000259786028325418534063216
-0.000095249104477808331221770632
0.000106067867012306281892207449
0.000047360860930155962845826412
-0.000000023443351793266326157402
0.000024500571351192221042792491
0.000015180994852364771736811036
-0.000019654664593918199635633193
ENDSurf
Surf
88989.84380,49872.61330,-261.95350,0.00000,0.00000,1.00000
88988.38280,49883.17970,-256.99330,0.00000,0.00000,1.00000
88990.05470,49900.14840,-257.32250,0.00000,0.00000,1.00000
88993.40630,49917.69530,-257.65900,0.00000,0.00000,1.00000
88994.46090,49936.42190,-258.02420,0.00000,0.00000,1.00000
88996.25780,49949.25780,-260.02870,0.00000,0.00000,1.00000
88997.87500,49961.53130,-260.85140,0.00000,0.00000,1.00000
89000.27340,49977.86720,-263.50870,0.00000,0.00000,1.00000
89002.19530,49989.58980,-262.56310,0.00000,0.00000,1.00000
89009.58590,50005.35160,-263.44040,0.00000,0.00000,1.00000
89015.70310,50024.64450,-263.80450,0.00000,0.00000,1.00000
89018.25000,50041.02730,-264.12010,0.00000,0.00000,1.00000
89020.85160,50062.12110,-262.77140,0.00000,0.00000,1.00000
89025.60940,50079.07810,-263.09290,0.00000,0.00000,1.00000
89028.22660,50093.70310,-263.37370,0.00000,0.00000,1.00000
89032.17970,50108.91800,-263.07740,0.00000,0.00000,1.00000
89036.81250,50133.48440,-263.54870,0.00000,0.00000,1.00000
89039.13280,50150.98830,-266.22920,0.00000,0.00000,1.00000
89042.45310,50170.87890,-266.61170,0.00000,0.00000,1.00000
89045.44530,50183.72270,-268.02790,0.00000,0.00000,1.00000
89048.83590,50201.25780,-268.94960,0.00000,0.00000,1.00000
89052.85940,50219.92580,-271.64890,0.00000,0.00000,1.00000
89055.25780,50235.72270,-271.95320,0.00000,0.00000,1.00000
89057.42970,50247.36330,-275.10450,0.00000,0.00000,1.00000
89058.21880,50251.35550,-284.45110,0.00000,0.00000,1.00000
89084.66410,50382.12890,-383.08410,0.00000,0.00000,1.00000
89085.73440,50389.49220,-382.93730,0.00000,0.00000,1.00000
89086.72660,50395.55860,-382.62080,0.00000,0.00000,1.00000
89088.13280,50402.18750,-383.18080,0.00000,0.00000,1.00000
89090.35160,50413.72660,-383.40200,0.00000,0.00000,1.00000
89091.40630,50420.07420,-383.37980,0.00000,0.00000,1.00000
89093.17970,50428.86330,-383.98130,0.00000,0.00000,1.00000
89095.27340,50435.34770,-384.24800,0.00000,0.00000,1.00000
89096.07810,50441.39840,-384.79810,0.00000,0.00000,1.00000
89097.87500,50453.21880,-385.45910,0.00000,0.00000,1.00000
89100.07810,50461.57420,-386.05110,0.00000,0.00000,1.00000
89102.03910,50468.33980,-386.75680,0.00000,0.00000,1.00000
89103.96880,50475.39840,-387.32390,0.00000,0.00000,1.00000
89104.68750,50482.73830,-388.33280,0.00000,0.00000,1.00000
89105.92970,50490.91410,-394.94510,0.00000,0.00000,1.00000
89084.32030,50379.62890,-389.49060,0.00000,0.00000,1.00000
89510.57810,49773.98050,-382.10040,0.00000,0.00000,1.00000
89511.14840,49783.48050,-381.69970,0.00000,0.00000,1.00000
89511.87500,49791.51950,-381.49660,0.00000,0.00000,1.00000
89513.50780,49798.38280,-381.44360,0.00000,0.00000,1.00000
89513.92970,49806.79690,-389.52580,0.00000,0.00000,1.00000
89510.50000,49772.93360,-389.41930,0.00000,0.00000,1.00000
89525.34380,49910.38670,-410.36750,0.00000,0.00000,1.00000
89526.11720,49918.96880,-402.92830,0.00000,0.00000,1.00000
89528.45310,49929.32030,-402.53520,0.00000,0.00000,1.00000
89528.71090,49940.69530,-402.55990,0.00000,0.00000,1.00000
89530.66410,49948.97660,-402.80870,0.00000,0.00000,1.00000
89532.25000,49955.19530,-403.37510,0.00000,0.00000,1.00000
89533.50780,49962.88670,-403.80290,0.00000,0.00000,1.00000
89536.28910,49974.79690,-404.85380,0.00000,0.00000,1.00000
89537.87500,49983.50000,-407.15630,0.00000,0.00000,1.00000
89538.50780,49990.00390,-415.50270,0.00000,0.00000,1.00000
89549.92190,50112.09770,-454.67210,0.00000,0.00000,1.00000
89548.14060,50119.03520,-447.54080,0.00000,0.00000,1.00000
89549.71880,50129.20310,-446.36990,0.00000,0.00000,1.00000
89550.18750,50135.96480,-446.14630,0.00000,0.00000,1.00000
89551.14060,50146.35160,-445.93400,0.00000,0.00000,1.00000
89552.71880,50152.17970,-445.47680,0.00000,0.00000,1.00000
89554.09380,50159.68750,-445.74390,0.00000,0.00000,1.00000
89554.80470,50169.10550,-445.52760,0.00000,0.00000,1.00000
89555.73440,50179.73050,-446.76040,0.00000,0.00000,1.00000
89556.70310,50186.02340,-447.98500,0.00000,0.00000,1.00000
89557.65630,50195.44530,-448.01150,0.00000,0.00000,1.00000
89558.67190,50206.32030,-446.59660,0.00000,0.00000,1.00000
89560.10160,50214.07420,-444.69710,0.00000,0.00000,1.00000
89561.17190,50223.01950,-443.76050,0.00000,0.00000,1.00000
89562.77340,50240.17190,-443.56690,0.00000,0.00000,1.00000
89564.60940,50249.62110,-443.60060,0.00000,0.00000,1.00000
89564.93750,50261.43750,-443.14530,0.00000,0.00000,1.00000
89567.38280,50273.07420,-443.42920,0.00000,0.00000,1.00000
89567.39060,50284.63670,-443.45240,0.00000,0.00000,1.00000
89570.22660,50295.56250,-443.25640,0.00000,0.00000,1.00000
89569.85940,50303.74220,-443.02890,0.00000,0.00000,1.00000
89568.87500,50312.38670,-443.03810,0.00000,0.00000,1.00000
89572.07810,50324.28520,-443.56960,0.00000,0.00000,1.00000
89573.23440,50330.36720,-442.88070,0.00000,0.00000,1.00000
89574.01560,50336.76170,-443.85700,0.00000,0.00000,1.00000
89574.23440,50344.72270,-453.64030,0.00000,0.00000,1.00000
90109.02340,49917.19530,-503.67850,0.00000,0.00000,1.00000
90110.20310,49930.50390,-496.22530,0.00000,0.00000,1.00000
90110.25000,49938.58200,-496.27450,0.00000,0.00000,1.00000
90110.83590,49949.14060,-495.83060,0.00000,0.00000,1.00000
90111.97660,49958.14840,-495.37260,0.00000,0.00000,1.00000
90112.82030,49964.90630,-494.65140,0.00000,0.00000,1.00000
90113.82810,49974.92580,-495.45950,0.00000,0.00000,1.00000
90114.44530,49981.18360,-496.49970,0.00000,0.00000,1.00000
90115.43750,49990.70310,-496.80130,0.00000,0.00000,1.00000
90116.39840,49999.71480,-497.60360,0.00000,0.00000,1.00000
90117.28910,50010.25000,-497.91230,0.00000,0.00000,1.00000
90118.04690,50021.80470,-497.97670,0.00000,0.00000,1.00000
90119.19530,50033.07420,-499.29470,0.00000,0.00000,1.00000
90120.32810,50043.08200,-500.35350,0.00000,0.00000,1.00000
90122.14840,50060.10550,-501.95280,0.00000,0.00000,1.00000
90123.62500,50073.62110,-502.77830,0.00000,0.00000,1.00000
90124.39060,50080.63280,-503.31820,0.00000,0.00000,1.00000
90125.56250,50091.39450,-504.12950,0.00000,0.00000,1.00000
90126.80470,50102.91020,-505.19650,0.00000,0.00000,1.00000
90127.90630,50112.92190,-506.00370,0.00000,0.00000,1.00000
90129.84380,50130.44530,-506.59810,0.00000,0.00000,1.00000
90133.91410,50146.03130,-509.17630,0.00000,0.00000,1.00000
90133.17970,50154.91020,-511.75480,0.00000,0.00000,1.00000
90132.78130,50162.71880,-519.06070,0.00000,0.00000,1.00000
92432.92100,47336.30700,-700.00000,0.00000,0.00000,1.00000
88949.18200,47336.30700,-700.00000,0.00000,0.00000,1.00000
88949.18200,49238.52400,-700.00000,0.00000,0.00000,1.00000
85465.44300,49238.52400,-700.00000,0.00000,0.00000,1.00000
85465.44300,51140.74100,-700.00000,0.00000,0.00000,1.00000
88949.18200,51140.74100,-700.00000,0.00000,0.00000,1.00000
92432.92100,51140.74100,-700.00000,0.00000,0.00000,1.00000
0.003045709212459907482689613900
-0.002263065327390488719327965583
0.016393401091888294002218984247
0.007782558250368704251542784078
-0.003110791361963072699375887353
-0.002226260337193373788078343267
0.015568625609719411242992670452
0.007413643519175737266191372754
0.000004881989918598115450959832
-0.000179422371207983315016462611
-0.001064446522048019538875252010
0.000113555022212288560462881137
0.000003671951989070763213964194
-0.000175777433487055910433724537
-0.001029188389457927604170306424
0.000018674959175064303096465423
-0.000833245734908908720905973411
-0.000810267352987325932545115137
-0.006226193735568305576144609859
0.000852380434441842222727248046
0.000457769915416089299628477072
-0.001153303534753540547652672643
-0.008342634275189070997003071284
0.001093711141934375309300864210
-0.000137369983459025810394391054
-0.001033573509481193648806840457
-0.007286649278255585317209952478
0.000905275399385235368492075292
0.001126807098212310532039936994
-0.000146302859394999563817652000
-0.001362733426492646841149403159
0.001086034958138418909934230783
-0.000724213218323208280172154083
-0.000012982248811350597219108072
0.001949931414695953374796588697
0.000304336819772379476526508180
0.000121682249904077091867508897
-0.000783324348545282652528376488
-0.001714007664097285223506195173
0.000090659288845894902609569288
-0.000025482125157797863563126708
-0.000271237884602852684715057485
-0.000979054851985320436641435649
0.000017544436724206684426446284
0.000208760120021900350429505666
0.000073166705003346931088931138
0.000907819399236778758026378267
0.000134657459512633125801178702
-0.000198366038952782708587943561
0.000073962497262171388642121306
0.000967839711250964443781108493
0.000078518738224965162523193152
-0.000026865480860100091477053741
-0.000289718021342438348565695438
-0.001115829787227905732505117697
0.000021710341156952270974794111
0.000161824297276112012353155301
0.000055433505371127666193614009
-0.000049561470032066127307159714
0.000041749283382691230852041403
-0.000106469297606014146051478519
0.000047237382063196050945800414
0.000216924309153130787618246611
0.000005012965414455941122126321
-0.000440584949790094929610029251
-0.000651337988091319148101221437
-0.004489739246079650983323183766
0.000567149973497019731748236548
0.000424100404057246437462130872
-0.000622905653057321965007653297
-0.004577151007998702184065287213
0.000701684805439144686743657697
-0.000560275991196173585306983256
-0.000970683447926280989874470162
-0.004369598063343837698879745801
0.000369232411902252098071658404
0.000446257742194920736019531082
-0.001204037642698389115603063715
-0.005303623654907351804566051356
0.000522880173819333798901354271
-0.000214290716837917241460384488
-0.001022022083155828394915309865
-0.004947248626299394734517900218
0.000387161554286974244915714438
0.000296599808314228577128118802
-0.000919129675539823382326987122
-0.004113243457829115698465294315
0.001060524635145279441494903239
-0.001744254859287174821633192856
-0.001926891161947540467846984313
-0.010518437938967778802479280387
0.004180799751870190039682029237
-0.007056273739852386879534140718
-0.005493799203464299826804584370
-0.028277768849077334484265477954
0.043195866636338224597846391362
0.008856220087506022978218744868
-0.003956755282524416356126906180
-0.019929546882358043641270128887
0.042042402794751895789282514215
-0.018751300815613290706718174761
0.003714743557633906883425067846
0.027356481750928942492384621232
0.060727513078425582326858034321
0.000194070482053009587273054160
0.001068086462605365247885425006
0.006717426483033436465652776803
0.006862263567152000233451136779
-0.003117994055075048055042374884
-0.000563231137033389167925734320
-0.001793721384581069755101423446
0.000205398503319041990161294975
0.001657491251593332624858501134
-0.001464062339442343072676289140
-0.006659793286740106274534944930
0.000604165085326442458275864045
0.000224463820223736419678939313
-0.000127835707690233073416039011
-0.000527311031224626650983078324
-0.000131980415717434916176784010
-0.000911809839615281784303002510
-0.000680625588214141263865286646
-0.003383302203318807026971581919
0.000117113996748488639063415229
-0.000011080462900682288993276306
-0.001578108355950596413189157552
-0.006381626920540805526782524026
0.000339081802169665031451012416
-0.001548697619452550806873336597
-0.001909222751529113379018176566
-0.009945133380583118937190434394
0.000712390639002541663921119763
0.002005309818178793637016843476
-0.001308265639256147661387275072
-0.009505371205330770054131583890
0.000776700941884081647904880530
-0.000525824809493524877000714124
-0.001316518915629073674736226884
-0.006090519849663788079507931172
0.000377336383595666007874369630
-0.001077901328155464640012883848
-0.002934927838730831250318997760
-0.010542912768381337493273086636
0.000948984630204538883238574165
0.000552280477381513271173396618
-0.003297569640979607693415109892
-0.011795889287545701165638156738
0.001210367915395736595346454223
-0.001027892120139347774052107631
-0.002389196926931501287899584085
-0.014004715893346774205352467391
0.001957011468729608332645097946
-0.003110285563519847931712725142
-0.004317049277577061916488787574
-0.031886970276908406518590055612
0.019320064874986300068604450075
0.005574077236201902853240941482
-0.003432430487414892938263788480
-0.023075220902626761981801806201
0.018459893038819317340193393306
0.019895988763344054500725732737
0.003553331554716928492032579356
0.026180623074830326052486739741
0.062331603311085517771239494778
-0.017098055717899796057679395744
0.000913949352081719085943989356
0.015257833869711081090092541501
0.062951488557256851663623820059
-0.001212427288745413942946949071
0.000416226813547608141732186970
0.006201079980018163809174502887
0.008986666560772394590772549350
-0.000275408635177380083439158120
0.000594452964315130114210383727
0.001877585491135729716186131277
0.000884062146302606551885594488
-0.005117653411198045884655805082
-0.001463207289754849893884114387
-0.021458060176723508377660820656
0.018084542211584637289023547169
0.005050723945739547457445262069
-0.001194000411719877991628679936
-0.021699948954817218499391273667
0.021150262667439783531575514530
0.018635277077584867788662137400
0.000963980863176015605187085811
0.013551316522364390340649187294
0.066460279900948049380815518816
0.005062778023134579738484539746
0.001882117433940430671970855947
0.020750277323513369870378042492
0.018897058002502832574354130202
-0.004691230113212392811850026675
0.002382181652651101707446334999
0.023497978259959449026661459925
0.018302913455362019440331167175
-0.000370546273944707981774782102
0.000210729032260427451023893086
0.001683237720320996397629920160
0.000576565396539968741569659461
-0.000386557418058705321711743252
-0.000308382387964628850319376285
-0.001769910957650508778749021133
0.000063427146170450961182828153
-0.001714119935215790502605615053
-0.002088820943357852684407749422
-0.008257329100206019581453809053
0.000573353648061815986819445001
0.001218320396448034940647953128
-0.002284444885508801325463279497
-0.010033262002182543465300668117
0.000864148377248060827610087742
0.000326551896892015149163196464
-0.001312823595111214719163839071
-0.006850974306317833203983092005
0.000693560058636181271836396167
-0.002481549098061150773752991938
-0.003160275245348563230574079341
-0.016441459876979605536639894581
0.004290896775872888278813288565
-0.003966704198005667134085960868
-0.004745185817628257488043352907
-0.036228076279143102411683941000
0.032198531685598413831783659589
0.007002845507019491225197960205
-0.002424610171333761634432368837
-0.024051370459217961267350816001
0.029582464465049352481118560831
0.006936253537496004165086027626
-0.006042039721379656447286521370
0.023231049192143388149034421986
0.024652719984442128531298976668
-0.005817310863866771535046762409
-0.005200516611105432396300329856
0.029381547756970556595224053353
0.025023569448456125380308989747
-0.000384958771825881767431054570
0.000597143132689898739791367621
0.007883863207481122195585676593
0.001444173303730453966631230855
-0.000530704438589281219003368495
0.000274283307238527319926735260
0.003393761536616487703432731848
0.000178259781219236926319560155
0.001873548390856876865590008308
0.001742271555875327419468656664
0.006966393805099665298419253645
0.000516507413682174812592784452
-0.002658942904598445271940887480
0.001192488889837484307421267005
0.003757109154018903329763645615
0.000482055014871301515302220997
0.000856408261500889536090019849
-0.000339764427779684174794894158
-0.001039269833682564822888161338
0.000138301687708635687211813914
-0.001252622014070144031844256105
-0.000366630164820223771859203366
-0.004086068418251007604291569208
0.000581147770271556022604608760
-0.003496636217628162901505106674
-0.002643142101276779731833244114
-0.019430756481653634060169366649
0.003349456661017464510765595520
0.004461728372736587129587793044
-0.002193341424831684715462953861
-0.014279021029127829736649069048
0.002794110823610093143065657983
0.001090658520682807192114793793
0.000522127499258827148208295110
0.005610815987377232826049944237
0.000771261121828885169715572800
0.002501881007739837486925082999
0.003080818543331644357441412296
0.019562180611018643860976595761
0.004145396051904249971886695647
-0.002300604222851869266885938003
0.003212040120017209919589529221
0.019450530502777344660225722350
0.003936259993327310274802144363
-0.001222699390007684402265075718
0.000694830266511367242165952973
0.005964813441253922522700126052
0.000565033553009454685318868616
-0.000075542203773858575353156164
-0.000011928487065124401396930785
0.000147241817703125176886383429
-0.000002990238465559179240044587
0.000312739286847171153553570644
0.000001854525618621022702763122
0.001447249039644833918175081955
0.000058946587371113913142710999
-0.000443590178528864651635865712
-0.000165365162174555875183520892
0.000643569588370038431039688032
0.000061545483430219433975370824
0.000153692476822641299009225557
-0.000224629452755776832899303752
-0.001066846007306536218972592422
0.000000483150097194138273675465
0.000151572617923649631370419666
0.000212783869046149061400249880
0.000653149436361673252880721829
0.000019769517030597056939144121
0.000277791879170221809539770286
0.000056585118528710509025903691
0.002439935144061003424731381983
0.000036856448959899870297315938
-0.000429640849750630604998030693
-0.000160085872260846176192219947
0.001623259203319382757563227315
-0.000014862988817626142238389336
-0.000266032103013399815784334468
-0.000297734924310253735221104554
-0.001774715115632110717241998188
0.000086615235573945763693053113
0.003078879194103180654690232743
0.001294421936087249190919234998
0.006838806784982046603482697122
0.002295323348824297293030438638
-0.006405352998085756845159099981
0.000217116108657662917761146937
-0.002614135690698676708215719700
0.002914185616304162344120110006
-0.001281742687579711043391328396
-0.002101286365495717844975587241
-0.031144799537842791925523755481
0.024606102998145713139921397783
0.004889486784511145461840087023
-0.000660452907939737673612135005
-0.019677371070742733644154398576
0.023723470991098477567149416245
0.002082142162562042753820579222
0.001123655071298677778773855707
0.013802421447006869500984116428
0.007785578880420001256223994091
-0.002167223548533470187799077067
0.001178820378777934276340322306
0.013524474907147717925304242215
0.007528651106448302349205548012
0.000459967366303787414828080360
0.000145686251998795651338425294
0.001608151373858988193374375264
0.000329656169424226116234505346
0.000235143597429523924010469349
0.000449398706383598637009030297
0.004722411726652870830878150343
0.000235749357018959855483014598
0.001635862910008675265294275647
0.001289251785840109720479573774
0.010332006447229993839620476592
0.000963068953698156988985079607
-0.003029092748403998218431620870
0.000542624973518256799483172603
0.003663333550512474102306414991
0.001071374499219486867152006937
-0.003233838613614529577250378267
-0.001639203684473888693318155418
-0.016498359204538869116074550902
0.002395459671038834698064690087
0.003674026423496274014468543356
-0.001408088073631065268581652461
-0.014202736008725434097010875689
0.002171958420119198419212525053
-0.000721772823055039460839188425
-0.000686356475599809697299424904
-0.006435366961461437031177812429
0.000469746969570115381880509586
0.000804456958564979830034191721
-0.000626982624448517303697436809
-0.006173977294874523867596050053
0.000474706392729166981592214825
0.000219402074744732942948935439
-0.000132453958939315907285261265
-0.001613780394701351669425881674
0.000042880716794833784329642190
-0.000847141963770636254038581825
-0.000534674648569362668745763578
-0.005247098206955512142424247202
0.000571057639531093045107135175
-0.000130779676638496537626962790
-0.001090570407037455297888373096
-0.010108031027920821864896083753
0.001125197546452477541378822679
0.000704865919108274346580045311
-0.000866175927538481629092137482
-0.007778569996187784107988250071
0.000789632856704549496162925948
-0.000012050641054376216810758993
-0.000530284861551146729542749458
-0.004884692502898389104837306718
0.000387956730527076396053409724
-0.001198538599610202062123454070
-0.000828342795041488839068166694
-0.007554707327073174015497070144
0.000541256720747475858317165898
0.000891041142898261985180741185
-0.000958033240767687315972422901
-0.008759586331650789925440392381
0.000666606859186545403633816775
-0.000043821838616744318106819428
-0.000797727200396190229934878513
-0.007316838322824958593115773908
0.000610119349142939390411022327
-0.000104326601948965462345053634
-0.000856527776123185082164657178
-0.007820573190714417283198045538
0.000676603878834695243206509563
0.000673934695535115236252055038
-0.000541371773681738376396421764
-0.004864198110918873177443977340
0.000391400270900816996729604247
-0.000487838917520409625066396542
-0.001232311538724317366219618286
-0.005597566919745514991968438068
0.000854403745879255818382325138
-0.002644748281003644115733086650
-0.000078461490483150900091847968
-0.018948063917384749127448273498
0.005098446179966304413200273160
-0.002725467012803645377311267950
0.002362337714117503789656993263
-0.037686081581396697892660796469
0.025841409376945088938182237825
0.005966685977771232253508149057
0.001121121425599262309488746148
-0.023347213952241097079109977130
0.021705128132443345101432186084
0.000000002030541895846805229287
-0.000001844521684827714424987971
0.000002264268900993285380456943
-0.000028346818503161074436326808
-0.000000000698827299802021788452
0.000002390900524588859895767836
0.000000445371649272381149111836
-0.000014393696524846477747335179
0.000001104525383138553876248653
0.000089395257315314801175275272
0.000291081536804615461592332659
0.000245983743613731808356354103
0.000000000694743738792464613740
0.000000452696842530953341549163
-0.000000166330401645218142626378
-0.000013334557467257045028688998
-0.000000001396883412343722101538
-0.000001910107479612645228983720
0.000000680312855178663298347122
-0.000024998152488358623822973376
0.000000791751357374210611217490
0.000088563910235754092275736737
-0.000243142839311572483236220665
0.000113097693638852144480157202
0.000000012238508874803094424312
-0.000011445536737326738411786413
-0.000006561560672070814127711681
-0.000030361520581702958340112458
ENDSurf
Surf
89058.21880,50251.35550,-276.45110,0.00000,0.00000,1.00000
89056.64840,50242.48830,-284.96540,0.00000,0.00000,1.00000
89054.03910,50229.62110,-284.71900,0.00000,0.00000,1.00000
89051.69530,50213.80080,-285.58520,0.00000,0.00000,1.00000
89048.89840,50201.53130,-284.76540,0.00000,0.00000,1.00000
89044.57810,50179.89060,-284.35080,0.00000,0.00000,1.00000
89041.82030,50166.43750,-284.09330,0.00000,0.00000,1.00000
89040.81250,50160.00390,-283.96940,0.00000,0.00000,1.00000
89038.21880,50146.53910,-284.29680,0.00000,0.00000,1.00000
89036.44530,50129.00780,-282.78560,0.00000,0.00000,1.00000
89031.82810,50107.36720,-282.37180,0.00000,0.00000,1.00000
89028.42970,50094.50390,-282.12740,0.00000,0.00000,1.00000
89025.40630,50076.35940,-282.36390,0.00000,0.00000,1.00000
89019.69530,50056.48050,-281.98730,0.00000,0.00000,1.00000
89015.85940,50026.12500,-277.88700,0.00000,0.00000,1.00000
89011.02340,50010.92580,-277.60020,0.00000,0.00000,1.00000
89003.08590,49991.08980,-275.47300,0.00000,0.00000,1.00000
89000.30470,49978.80860,-275.23850,0.00000,0.00000,1.00000
88997.89840,49961.83980,-274.91120,0.00000,0.00000,1.00000
88996.39060,49950.14060,-274.68500,0.00000,0.00000,1.00000
88994.35160,49935.51560,-274.40270,0.00000,0.00000,1.00000
88993.40630,49917.35940,-274.63410,0.00000,0.00000,1.00000
88990.59380,49907.43360,-273.86030,0.00000,0.00000,1.00000
88988.12500,49881.78910,-268.09260,0.00000,0.00000,1.00000
88989.84380,49872.61330,-253.95350,0.00000,0.00000,1.00000
89105.92970,50490.91410,-386.94510,0.00000,0.00000,1.00000
89105.40630,50488.05470,-396.95500,0.00000,0.00000,1.00000
89104.14840,50476.91410,-398.32770,0.00000,0.00000,1.00000
89102.60940,50470.42190,-398.34830,0.00000,0.00000,1.00000
89098.70310,50457.01170,-398.09440,0.00000,0.00000,1.00000
89097.20310,50449.95700,-397.38190,0.00000,0.00000,1.00000
89095.88280,50439.16020,-395.87350,0.00000,0.00000,1.00000
89092.50780,50426.33200,-395.34090,0.00000,0.00000,1.00000
89091.21880,50418.98050,-395.05520,0.00000,0.00000,1.00000
89089.71880,50409.76560,-394.01140,0.00000,0.00000,1.00000
89088.39060,50403.28130,-393.45410,0.00000,0.00000,1.00000
89086.71880,50395.52730,-391.71740,0.00000,0.00000,1.00000
89085.47660,50387.90630,-390.27120,0.00000,0.00000,1.00000
89084.32030,50379.62890,-381.49060,0.00000,0.00000,1.00000
89513.92970,49806.79690,-381.52580,0.00000,0.00000,1.00000
89513.66410,49801.37890,-388.67400,0.00000,0.00000,1.00000
89512.69530,49794.94920,-388.77740,0.00000,0.00000,1.00000
89511.37500,49788.53910,-388.37670,0.00000,0.00000,1.00000
89510.99220,49780.04690,-387.75220,0.00000,0.00000,1.00000
89510.50000,49772.93360,-381.41930,0.00000,0.00000,1.00000
89538.50780,49990.00390,-407.50270,0.00000,0.00000,1.00000
89538.28910,49985.11720,-416.90150,0.00000,0.00000,1.00000
89536.46090,49977.80860,-417.62950,0.00000,0.00000,1.00000
89536.02340,49970.10940,-418.04340,0.00000,0.00000,1.00000
89533.59380,49960.18750,-417.89560,0.00000,0.00000,1.00000
89531.99220,49954.18750,-417.76240,0.00000,0.00000,1.00000
89530.42970,49948.08200,-416.87180,0.00000,0.00000,1.00000
89528.72660,49940.77730,-416.51880,0.00000,0.00000,1.00000
89528.28130,49934.59770,-416.17820,0.00000,0.00000,1.00000
89528.15630,49926.69140,-414.97120,0.00000,0.00000,1.00000
89525.97660,49918.29690,-412.66430,0.00000,0.00000,1.00000
89525.34380,49910.38670,-402.36750,0.00000,0.00000,1.00000
89574.23440,50344.72270,-445.64030,0.00000,0.00000,1.00000
89573.61720,50336.04300,-455.89120,0.00000,0.00000,1.00000
89572.75780,50328.37890,-457.55070,0.00000,0.00000,1.00000
89568.56250,50314.76170,-458.69340,0.00000,0.00000,1.00000
89569.85160,50303.95700,-458.68230,0.00000,0.00000,1.00000
89569.43750,50291.66020,-457.45030,0.00000,0.00000,1.00000
89567.52340,50280.03910,-457.89320,0.00000,0.00000,1.00000
89566.92190,50271.10550,-458.11130,0.00000,0.00000,1.00000
89564.81250,50260.68750,-458.07340,0.00000,0.00000,1.00000
89564.40630,50251.27730,-458.53300,0.00000,0.00000,1.00000
89560.97660,50233.83200,-457.02530,0.00000,0.00000,1.00000
89561.27340,50223.96480,-457.24880,0.00000,0.00000,1.00000
89558.89060,50207.75000,-458.40120,0.00000,0.00000,1.00000
89557.62500,50195.18750,-457.64340,0.00000,0.00000,1.00000
89556.48440,50184.55470,-457.61290,0.00000,0.00000,1.00000
89555.02340,50173.67190,-456.85680,0.00000,0.00000,1.00000
89554.70310,50166.91410,-456.35910,0.00000,0.00000,1.00000
89553.91410,50157.49610,-455.85230,0.00000,0.00000,1.00000
89550.98440,50144.64060,-456.28440,0.00000,0.00000,1.00000
89550.01560,50133.53130,-456.49520,0.00000,0.00000,1.00000
89549.31250,50125.32030,-455.99150,0.00000,0.00000,1.00000
89548.13280,50119.02340,-454.52440,0.00000,0.00000,1.00000
89549.92190,50112.09770,-446.67210,0.00000,0.00000,1.00000
90132.78130,50162.71880,-511.06070,0.00000,0.00000,1.00000
90133.39060,50152.30080,-524.07360,0.00000,0.00000,1.00000
90133.72660,50143.18360,-525.02190,0.00000,0.00000,1.00000
90129.94530,50131.34380,-525.23360,0.00000,0.00000,1.00000
90128.34380,50116.82420,-525.15840,0.00000,0.00000,1.00000
90126.79690,50102.80470,-524.58220,0.00000,0.00000,1.00000
90126.09380,50096.29300,-524.54830,0.00000,0.00000,1.00000
90124.75780,50084.02730,-523.72920,0.00000,0.00000,1.00000
90123.56250,50073.01560,-522.16140,0.00000,0.00000,1.00000
90122.02340,50058.99220,-522.08860,0.00000,0.00000,1.00000
90120.90630,50048.47660,-521.78190,0.00000,0.00000,1.00000
90120.14060,50041.46480,-521.24190,0.00000,0.00000,1.00000
90118.84380,50029.95310,-520.42720,0.00000,0.00000,1.00000
90117.62500,50015.40630,-520.09670,0.00000,0.00000,1.00000
90116.89840,50004.35550,-519.27990,0.00000,0.00000,1.00000
90116.06250,49996.59380,-518.48410,0.00000,0.00000,1.00000
90114.96880,49986.33200,-517.67540,0.00000,0.00000,1.00000
90113.89060,49975.55470,-517.61850,0.00000,0.00000,1.00000
90112.24220,49960.28520,-516.53200,0.00000,0.00000,1.00000
90110.85940,49949.28130,-515.97280,0.00000,0.00000,1.00000
90110.25780,49941.00000,-515.17190,0.00000,0.00000,1.00000
90110.21880,49933.18750,-513.11020,0.00000,0.00000,1.00000
90110.18750,49927.14450,-511.05920,0.00000,0.00000,1.00000
90109.71880,49921.64060,-508.00820,0.00000,0.00000,1.00000
90109.02340,49917.19530,-495.67850,0.00000,0.00000,1.00000
92432.92100,47336.30700,0.00000,0.00000,0.00000,1.00000
88949.18200,47336.30700,0.00000,0.00000,0.00000,1.00000
88949.18200,49238.52400,0.00000,0.00000,0.00000,1.00000
85465.44300,49238.52400,0.00000,0.00000,0.00000,1.00000
85465.44300,51140.74100,0.00000,0.00000,0.00000,1.00000
88949.18200,51140.74100,0.00000,0.00000,0.00000,1.00000
92432.92100,51140.74100,0.00000,0.00000,0.00000,1.00000
-0.004490723695908541146515347009
0.003275691456474352520472637096
0.018766680787459185525412053153
0.019474199461446951159304674661
0.004549995128211422636133054453
0.003321438296173038692837842234
0.018978473050811725530984119814
0.019254450287977453726284693403
-0.000290520934888044370016796369
0.000111322888121620275207225570
0.001085275299397216132099575070
0.000838158661300662322438115304
0.000618602927336233407787369210
-0.000335846316092836742837196562
-0.000836158547064459961931093268
0.000174045542344126617307145666
-0.000370720401139460896573762927
-0.000659835626812224520891525525
-0.002923200628929752391965690705
0.000172724263520219366773930658
0.000060579958312766473088693125
-0.000230659113156445641197936358
-0.001084428492661634489332977971
0.000006903413088278415374711774
0.000349016217779813775305697288
-0.000357201845241024874139101897
-0.002112189927978512602596561365
0.000033818979104054187781285001
-0.000575388913089304497930354110
-0.000072339122871805950623289028
-0.000586363916214890641513679537
0.000046804600853826702831599060
0.000400116976894202903188707543
-0.000069550491617689438753405207
-0.001542102163187037506750232119
0.000219826819803470421615596009
-0.000235195023181548396777953980
-0.000364489389020553522426787429
-0.002802344592617544462298528885
0.000215538400234124063450588671
0.000065467969270837259401253638
-0.000284111162433319972778905660
-0.001075592861076056158675662289
0.000021136003165386839201811409
-0.000141678842400725843713588104
-0.000104300939276913328594524610
-0.000325707076502587905639934940
0.000012056539316384194234963410
0.000080411393805254532604620543
-0.000098704503418595881231688283
-0.000070523136072792101496087280
0.000017716342809264093720485189
0.000096940984867788088899694110
-0.000379427271587454996958077569
-0.002542974636791194790325087993
0.000270024199791460504244122731
-0.000068971084740840525530332361
-0.000481960700660067698549576809
-0.002642852593980536419354665512
0.000309136679878032022243672383
0.000144234147199193184565868542
-0.001043021188106800197295531696
-0.002662756782393557990901156174
0.000225969954305115118932748008
-0.000097581302173146801447016496
-0.000987510693552538136932850144
-0.002861988035768235367345413422
0.000238480987208156239602271920
-0.000052462644543849126929028343
-0.000237927389386857475288283847
-0.001273022347730620512304411385
0.000013036032459994543211646498
0.000072616308340040834428362471
-0.000189500387919082867709680285
-0.001356250010113669701022898195
0.000020382945174634978973207677
-0.000050294822609463378840742587
-0.000199102295463218634989990830
-0.001445573570368125686583238299
0.000031178578866434561933044384
-0.000125757064552367597192253368
-0.000083267998635732430969848272
-0.000292590521426742944909038524
0.000075564698730669241063043207
0.000738803668709755220062040948
-0.000909788962592121054108462719
-0.003130579901366704886900294014
0.000374447215278074692097060039
-0.000373151728879760914963509277
-0.001321503180048607664284765484
-0.007505141171518682832730640087
0.001551433536111310792365847178
0.002587729988860932792138491720
0.002035615809912415946625330321
-0.017477468255937336771843604311
0.021311000494186799203433224648
-0.002914583107276050993883487195
0.002290109292864716660637069978
-0.013786553100533368090840902198
0.020511856558135251743513194356
-0.008993272754653147335601737211
0.002468799997808881780542167306
0.014828953671661697366612742144
0.044202670962240314667113239011
0.007688369035365777599821957011
0.002983894879930530739248206729
0.019631841436750091522966954471
0.043041272424342184865775351454
0.001233399524861797944344510292
0.001002922875532382546159837489
0.006006457082322076007629974015
0.004515574827520610692865865587
0.000175513819187116874680210099
-0.000266113069950248235396444985
-0.000334914394840928302931465366
0.000580101129957927199448652900
0.001774076894909381489975896962
-0.001706099199648350786540085267
-0.007209366842848388343134580225
0.000532093177489121682902095678
-0.000734869854959269044707148577
-0.002186805121365481465595115296
-0.012753870129387653853392237124
0.001455327173530305976192900097
-0.000913944115623338353658622335
-0.001091878827715689727687053967
-0.007606995417840605941406373347
0.001016508051677953751446015218
0.000457380850469939496862753492
-0.000847471863668290345539269026
-0.003978618346923904272594008091
0.000117471719252921897561244002
0.000573057832532102256854755762
-0.001396126867274740442764757731
-0.008327579703514458378532658855
0.000644546277943891499605244544
0.000643431352985573577416000823
-0.002192596600771784965538957479
-0.011962012256968834397752310394
0.001277078451953388843476133729
0.001341361751791325922916753299
-0.003968709662467655337192429243
-0.018770457332971536568155812574
0.003177720306364212408262170939
-0.000229697837284491908522998660
-0.004552728435953095481592001192
-0.023861678104142466233517083651
0.005641269586057392690370271282
0.001920909433946014479785424633
-0.004782324782552965260207233911
-0.032042555513290618685040556102
0.023210043858518290826875585253
-0.004913490026670432747613048718
-0.003207016357567411476980900886
-0.021864572902421955391538688218
0.022761474078850693625319934199
-0.009926962491898724122441066697
0.001283214179223852524983073842
0.026124946862083588128289335373
0.035581073477036338770229662032
0.009312813226682448500270972147
0.001763524450369656102963200617
0.028903036005544068681727409853
0.033220759869419955179203896023
0.002012723008124474733532283111
-0.000758612984817820805612254009
-0.003093374115202787277140172861
0.002435137316663088524748559394
-0.000367955012546100439750629274
-0.001407595584323739767995675720
-0.008767839189840148303445310773
0.001654232479941621656097106019
0.006238862461873614408125465758
-0.001936747943846150923213889072
-0.030702592438712331124328613896
0.022170992355181343147485506506
-0.007286090916370344464092490000
-0.001941724716521169577868044520
-0.025729600482602438954460311038
0.023522767515039077340643913772
-0.007987427566551958194041027639
0.001010800871101157202489040365
0.019446765725317761985824205340
0.037065287474532165878926548430
0.006008650570958388136000305479
0.002940122870824912488380009634
0.026374515747265670634336132139
0.035862643639726646260790232645
0.001056967488718649770054747172
0.001102420687651091890310595112
0.009840277493495476826557144534
0.003935155600663250118065317196
0.001049187875417025581428753789
0.000393373230957320193113685436
0.002746544541920532822576461740
0.000438112251557973612046958944
0.000415866606037262832775563970
-0.000646315240747280571678712313
-0.002344351554544307335986585983
0.000138619219875700392307846243
0.002896225151859287832989409139
-0.003160040507475879272003549403
-0.012229508811855607092189401897
0.001310206496331149097697710282
-0.002620199568320086009470815114
-0.003408295766857902687335668546
-0.013565718002884278800546091759
0.001939686859680467582653373704
0.000593406125139413469921079169
-0.001147562252077961126792149393
-0.007430767911755007011642693016
0.000477526439724191556143728654
0.000937277651576404733681224801
-0.000582914776835234509089200827
-0.013732159398009114240069017399
0.001634762925134617458228225573
0.000863745953658094514984733259
-0.003287904508355582802736627457
-0.022709364012152819661816138819
0.005622868863491044776059535337
0.001466525598395867135623205080
-0.005168091595725812954775779673
-0.032322575460688764137362483098
0.027143980569464667973456073469
-0.004679625062021918607824133574
-0.001695732730483537733026655481
-0.019486903443631371085631442952
0.024403090852481521683126075573
-0.004225976177858585709767869076
0.001271112390458699900955275019
0.018547631266341992051227549609
0.021624282913153530100158761229
0.000809353904191521204142256707
0.002774911269246595202364602528
0.031549451486497140373366221411
0.023865185126408703514266917978
0.003019717852108035494734794568
0.002328826288392013381389755722
0.015539051836336010767314341763
0.003571518849286093363198935080
0.000403498054927437616815760757
0.000576905364309632435505792447
0.002670795815453546381140759181
0.000412309349775477379691779323
0.000645260204233052601062448073
-0.000010225194824505237173534536
-0.004041398988828591790078981205
0.000366302011195803009935972883
-0.000922013840002630560149787797
0.000150219605869159278594207607
-0.002427577479559521640706254431
0.000601614358469307287588523359
-0.000033027791974445470577197853
0.000324258679683137854190405625
0.002931970439734795340347428549
0.000064170989339681783355205658
0.000334929659108189120217402568
0.000070277934663125641440162283
0.001190439893430515500699629072
0.000008082966219811118656519977
-0.000579552246261351368568359721
0.000046661153664913583691189330
0.002417801774035279252506036585
0.000142609558086120369931742990
0.000813346899044723598004580367
-0.000335977868276373921405802969
0.000262243707644847670427956654
0.000256370909670124993377099409
-0.000497335495494502207239340130
-0.000527120124975003390317696006
-0.001164707726493587579275068578
0.000261668942147449197672959276
-0.000028002574960950473456720161
0.000284850314964463051381482472
0.003250529503250268546082901722
0.000195101077297015618183806396
0.000634463138098141361635728952
0.000047132221566119071294934106
-0.000242070964509985163057304014
0.000220295826038322965821983357
-0.000349651394735665842824351435
-0.000261507074393268958579367167
-0.002483114005056236920504497689
0.000160090693530204341860773143
0.000542146341110994671279310619
-0.000441695583438253417188357197
-0.003218799200816219174825505434
0.000164321035801718673494825618
0.001027534272918454415213229680
-0.000709197246738394750618927898
-0.008471966901879041111911305961
0.000576663825438610846106646246
-0.000996933257811243901669318035
-0.000503465155792213255210587608
-0.008202125101539366539005193601
0.000532214945269448148727764458
-0.000786859926153715021936163598
0.000101982003483229886008597231
-0.001618113163861167923610051567
0.000290827495303969563601037551
0.000037248893228346959601449823
0.000291964977056757358023220128
0.002056343278111703344601668420
0.000138819573104243085444331474
0.001057998935619615518341496418
-0.000211907352682938222030242792
-0.002835667200514599330801734922
0.000503830831192993372838473398
0.004337865326125343520824451105
-0.002833925491390652286194384857
-0.019962897762438626403369568152
0.004715679169586830220273210301
0.001330701073354777870180742916
0.002311984281045315493124947537
-0.039392534381837464307896112814
0.028738349079813103881253510963
-0.006557374873865757895774475372
0.005555017034625644133105648592
-0.023950629597440480089698411348
0.026060515848611555400626826895
-0.002813943205687034418427394655
-0.000854559265639024301548787310
0.014863983119095374937912446001
0.018230991223268142031876948295
0.001531295193757000253076405727
-0.001079577659602489782264544971
0.020646121130284959821477031028
0.017892716578565826673896665966
0.001160783146752569598703086484
0.000276649144897743340214268937
0.006223798102905140142149242877
0.001432530893558742841539799251
0.000147344021953036032187775439
-0.000115447452383291886070411369
0.000581519518566428581136940057
0.000373356950700444239436143201
0.000180469918778104212141177864
-0.000161179906166870851947151011
-0.001612416365381822867461347748
0.000058552372846383417390094678
-0.000084511959206527158977063918
-0.000199867084672678051258248866
-0.001828317880940182440022145904
0.000092387014569019054580946426
0.000312469866488495652545598347
-0.000326472162251782553350071270
-0.003052350327542869244668022333
0.000119985716874770792007322273
0.000686584033072472994449486627
-0.000956722155304041781652413245
-0.008828954901804620530869627260
0.001000367565527675957001707552
-0.001094249437979340992127541554
-0.000691487585835382769991475094
-0.006341677037201500118090979896
0.000950605424648503518313125138
0.000233086044282891858203318747
-0.000164846849001632763742977716
-0.001544306394414242432702732977
0.000012587033732947285974640775
0.001266405215754199406821833840
-0.000727890125227306740082755532
-0.006711950639849249486412752219
0.000415341821300807805678045881
-0.001005283426819677302516131689
-0.000921059287229343613516430178
-0.008342575048497807843617124490
0.000617240058090590625571036920
-0.000414161278220883527501072763
-0.000411073779226669110391928497
-0.003764654286581466547528806998
0.000245785502819924036102539056
0.000490289855567680376777217610
-0.000288949855900993621531797073
-0.004069728882084336883673270080
0.000215884406383824115766012497
0.001050470316018394358395515731
-0.000893649565134906911055556744
-0.009691816452930485450978359552
0.000864319632600132219980848536
-0.000918164113911885525903811001
-0.001087217663077423828593692789
-0.010132312671548213828254247915
0.000953549563427026104778239102
-0.000684517658140392924910611061
-0.000424068829541734667112895529
-0.003979824666385149180281022296
0.000369434533447664812180755156
0.000252420215292020104578402107
-0.000260676620652306617088866947
-0.002516074583257622409443454714
0.000121095168719788728612513085
0.000112643205836819714914416590
-0.000495047799628486342136957088
-0.004516690160525080495468319697
0.000461997634053822644594616831
0.000977574279571707949187953091
-0.000726112220236373195371426537
-0.007942586729190135100275860225
0.000906739209106207657250242615
0.002530667376838927583315719261
-0.000577566715786724115162809046
-0.020976980566509102754668703028
0.004591709066834503451259852369
0.004014940910389727841967033584
-0.000267524654187484126934004625
-0.038943909773751943237396488939
0.012716765874558604021427044017
0.004297003713149284177819087205
-0.002863113083068917659457230940
-0.057049723254992308618671614795
0.027142057822278752715616789715
-0.006739120108079963734903916617
-0.004809225013849549416888873310
-0.046084309706204668044549066508
0.051571727370625194963871251730
-0.005489601216172520191383110699
-0.001995394686193912615890244666
-0.013018335012920838680838819812
0.033511699766085534246684574100
-0.000000005954748851154177912410
0.000006019058899353726659205675
-0.000005680497274484995960089264
-0.000024407185897420749905390239
0.000000002555728853926474858205
-0.000006120491261396556742090287
-0.000001367959251680893957404755
-0.000013168658458186660321345349
-0.000001025622916592565917574278
-0.000117563722664765999683864073
-0.000260154319479349892870606586
0.000152536676871684587957281320
-0.000000004782124702248664308587
-0.000004223954146759731828326793
-0.000000183689902260834042929449
-0.000019588687440042190212458051
-0.000000003556045328067242887458
-0.000003145666509647694085086275
0.000002070598073938742710123915
-0.000028881572240066916292628926
-0.000000872031698547045719770838
-0.000064492591885169475956866847
0.000266561082927908475290190715
0.000187027976264118926891591443
-0.000000023678954264057199263752
0.000025574458905758346905813527
0.000013542620983413887546069343
-0.000017155445200090061369556718
ENDSurf
Surf
87552.03130,50043.39840,-244.83540,0.00000,0.00000,1.00000
87551.78130,50049.27340,-236.65290,0.00000,0.00000,1.00000
87551.36720,50059.12500,-232.97410,0.00000,0.00000,1.00000
87552.72660,50074.14840,-230.00000,0.00000,0.00000,1.00000
87550.36720,50089.54690,-233.64840,0.00000,0.00000,1.00000
87550.85160,50102.20310,-233.71210,0.00000,0.00000,1.00000
87550.46090,50124.20700,-234.32130,0.00000,0.00000,1.00000
87551.62500,50135.01170,-232.48380,0.00000,0.00000,1.00000
87554.07810,50153.32420,-232.53340,0.00000,0.00000,1.00000
87554.68750,50173.00390,-233.57300,0.00000,0.00000,1.00000
87555.50000,50203.00000,-232.79520,0.00000,0.00000,1.00000
87556.35940,50237.20310,-233.91540,0.00000,0.00000,1.00000
87558.74220,50278.46480,-234.10360,0.00000,0.00000,1.00000
87559.63280,50322.51170,-233.87640,0.00000,0.00000,1.00000
87561.07030,50362.82030,-234.08190,0.00000,0.00000,1.00000
87560.49220,50406.37500,-233.41890,0.00000,0.00000,1.00000
87561.09380,50431.67970,-233.08690,0.00000,0.00000,1.00000
87561.56250,50452.75000,-236.01190,0.00000,0.00000,1.00000
87561.55470,50459.73830,-245.67520,0.00000,0.00000,1.00000
87564.59380,50545.88280,-267.67360,0.00000,0.00000,1.00000
87563.68750,50552.21880,-263.76140,0.00000,0.00000,1.00000
87564.36720,50563.98050,-263.76520,0.00000,0.00000,1.00000
87565.14060,50578.62500,-267.58620,0.00000,0.00000,1.00000
88098.13280,50059.53130,-233.37340,0.00000,0.00000,1.00000
88097.78130,50065.46090,-225.29050,0.00000,0.00000,1.00000
88097.42970,50071.98440,-222.51620,0.00000,0.00000,1.00000
88097.00000,50084.32420,-221.90370,0.00000,0.00000,1.00000
88096.98440,50100.30080,-222.11040,0.00000,0.00000,1.00000
88097.68750,50114.09380,-222.41130,0.00000,0.00000,1.00000
88097.89840,50131.51950,-222.29860,0.00000,0.00000,1.00000
88097.55470,50151.56640,-223.09460,0.00000,0.00000,1.00000
88098.17970,50167.83200,-223.68070,0.00000,0.00000,1.00000
88097.82030,50175.39450,-229.71170,0.00000,0.00000,1.00000
88098.07810,50418.57810,-298.14110,0.00000,0.00000,1.00000
88098.62500,50432.05860,-293.23910,0.00000,0.00000,1.00000
88098.16410,50444.92190,-292.42410,0.00000,0.00000,1.00000
88098.17190,50458.13670,-291.09590,0.00000,0.00000,1.00000
88098.83590,50465.07810,-290.55140,0.00000,0.00000,1.00000
88098.26560,50475.75390,-289.75350,0.00000,0.00000,1.00000
88097.39840,50495.78520,-290.32070,0.00000,0.00000,1.00000
88097.07030,50509.52340,-289.92500,0.00000,0.00000,1.00000
88095.78130,50524.79300,-291.43950,0.00000,0.00000,1.00000
88094.87500,50546.57420,-291.12920,0.00000,0.00000,1.00000
88094.07030,50563.96880,-292.56920,0.00000,0.00000,1.00000
88093.06250,50577.75780,-294.00000,0.00000,0.00000,1.00000
88098.20000,50417.30000,-305.24700,0.00000,0.00000,1.00000
88562.44530,50096.19140,-244.02880,0.00000,0.00000,1.00000
88562.32030,50101.74610,-236.85550,0.00000,0.00000,1.00000
88562.33590,50111.71090,-234.59940,0.00000,0.00000,1.00000
88562.51560,50117.75390,-233.80160,0.00000,0.00000,1.00000
88562.77340,50127.46880,-232.82830,0.00000,0.00000,1.00000
88562.33590,50135.51170,-232.50290,0.00000,0.00000,1.00000
88562.99220,50144.96480,-232.59210,0.00000,0.00000,1.00000
88562.64840,50152.56250,-232.68970,0.00000,0.00000,1.00000
88562.57810,50160.56640,-232.78390,0.00000,0.00000,1.00000
88562.93750,50169.18360,-233.08800,0.00000,0.00000,1.00000
88563.48440,50179.51170,-233.19060,0.00000,0.00000,1.00000
88564.38280,50185.48830,-233.01740,0.00000,0.00000,1.00000
88565.91410,50194.64840,-233.29310,0.00000,0.00000,1.00000
88564.96880,50202.30080,-233.19350,0.00000,0.00000,1.00000
88564.00000,50209.73440,-233.09200,0.00000,0.00000,1.00000
88563.34380,50218.00780,-233.20670,0.00000,0.00000,1.00000
88563.43750,50227.50780,-233.95950,0.00000,0.00000,1.00000
88562.66410,50238.60160,-234.11000,0.00000,0.00000,1.00000
88561.64840,50246.89450,-235.09730,0.00000,0.00000,1.00000
88562.08590,50251.34770,-244.52280,0.00000,0.00000,1.00000
87623.33590,50230.96480,-247.77250,0.00000,0.00000,1.00000
87643.31250,50230.73050,-239.00000,0.00000,0.00000,1.00000
87682.78130,50230.26170,-239.00000,0.00000,0.00000,1.00000
87723.10940,50229.78910,-239.00000,0.00000,0.00000,1.00000
87772.01560,50229.21090,-239.00000,0.00000,0.00000,1.00000
87817.91410,50228.66800,-239.00000,0.00000,0.00000,1.00000
87845.37500,50228.34380,-239.00000,0.00000,0.00000,1.00000
87895.57030,50227.75390,-239.00000,0.00000,0.00000,1.00000
87940.60940,50227.22270,-239.00000,0.00000,0.00000,1.00000
87978.36720,50226.77730,-239.00000,0.00000,0.00000,1.00000
88008.82810,50226.41800,-239.00000,0.00000,0.00000,1.00000
88018.39840,50226.30470,-248.24390,0.00000,0.00000,1.00000
87059.42970,50302.92190,-217.01050,0.00000,0.00000,1.00000
87075.17970,50302.41800,-209.05040,0.00000,0.00000,1.00000
87099.14840,50301.78130,-204.13110,0.00000,0.00000,1.00000
87116.28910,50301.51950,-204.26100,0.00000,0.00000,1.00000
87130.92190,50301.57030,-203.32270,0.00000,0.00000,1.00000
87154.76560,50301.07810,-204.53940,0.00000,0.00000,1.00000
87187.45310,50300.29300,-204.29910,0.00000,0.00000,1.00000
87226.41410,50299.64840,-204.59820,0.00000,0.00000,1.00000
87262.75780,50298.91020,-204.37660,0.00000,0.00000,1.00000
87303.23440,50298.04690,-204.70410,0.00000,0.00000,1.00000
87336.00780,50297.59380,-203.41080,0.00000,0.00000,1.00000
87368.00780,50296.54690,-207.80080,0.00000,0.00000,1.00000
87389.82030,50296.38280,-210.00050,0.00000,0.00000,1.00000
87403.76560,50296.07030,-216.67710,0.00000,0.00000,1.00000
86601.89060,50224.92970,-179.05460,0.00000,0.00000,1.00000
86601.78910,50233.76560,-173.13570,0.00000,0.00000,1.00000
86600.91410,50242.06640,-172.24120,0.00000,0.00000,1.00000
86599.80470,50251.92580,-171.51230,0.00000,0.00000,1.00000
86598.81250,50262.12500,-171.12970,0.00000,0.00000,1.00000
86597.35940,50273.71880,-171.60050,0.00000,0.00000,1.00000
86596.71090,50280.28910,-171.57650,0.00000,0.00000,1.00000
86595.83590,50290.49220,-171.71390,0.00000,0.00000,1.00000
86594.98440,50297.41020,-171.68590,0.00000,0.00000,1.00000
86593.67190,50304.16410,-172.51450,0.00000,0.00000,1.00000
86594.14840,50311.92970,-172.67820,0.00000,0.00000,1.00000
86593.14060,50326.10550,-172.45960,0.00000,0.00000,1.00000
86592.88280,50333.18750,-172.26790,0.00000,0.00000,1.00000
86592.53130,50340.62110,-179.00950,0.00000,0.00000,1.00000
86578.94530,50524.33980,-194.50650,0.00000,0.00000,1.00000
86578.05470,50533.87110,-183.44120,0.00000,0.00000,1.00000
86577.46090,50540.59380,-181.38660,0.00000,0.00000,1.00000
86577.72660,50549.02730,-181.06020,0.00000,0.00000,1.00000
86578.94530,50557.28910,-180.74920,0.00000,0.00000,1.00000
86578.59380,50563.39060,-181.04320,0.00000,0.00000,1.00000
86576.92190,50571.22660,-181.78180,0.00000,0.00000,1.00000
86575.52340,50577.18750,-182.05990,0.00000,0.00000,1.00000
86574.03130,50583.30470,-183.27360,0.00000,0.00000,1.00000
86573.80470,50589.40230,-184.19460,0.00000,0.00000,1.00000
86574.07030,50596.43360,-185.74630,0.00000,0.00000,1.00000
86572.64840,50600.99220,-194.08940,0.00000,0.00000,1.00000
86947.97660,50196.09770,-198.80760,0.00000,0.00000,1.00000
86949.57810,50201.16410,-190.25270,0.00000,0.00000,1.00000
86952.60940,50215.81250,-186.17560,0.00000,0.00000,1.00000
86952.52340,50229.92580,-183.98510,0.00000,0.00000,1.00000
86952.69530,50246.75780,-183.62350,0.00000,0.00000,1.00000
86953.96880,50273.16410,-183.74720,0.00000,0.00000,1.00000
86954.38280,50296.82420,-183.87450,0.00000,0.00000,1.00000
86959.45310,50315.58590,-183.86820,0.00000,0.00000,1.00000
86955.69530,50329.14060,-184.03140,0.00000,0.00000,1.00000
86957.92970,50345.10940,-184.07300,0.00000,0.00000,1.00000
86958.64060,50358.77340,-183.68100,0.00000,0.00000,1.00000
86958.80470,50374.23830,-183.76660,0.00000,0.00000,1.00000
86958.40630,50390.14840,-183.86750,0.00000,0.00000,1.00000
86958.75780,50401.52340,-184.38000,0.00000,0.00000,1.00000
86959.14840,50412.44920,-183.97950,0.00000,0.00000,1.00000
86959.28910,50432.91800,-184.09440,0.00000,0.00000,1.00000
86959.34380,50447.01950,-183.72000,0.00000,0.00000,1.00000
86959.03130,50461.57030,-183.35620,0.00000,0.00000,1.00000
86959.10940,50479.75780,-183.91410,0.00000,0.00000,1.00000
86958.47660,50504.29300,-185.43450,0.00000,0.00000,1.00000
86958.81250,50523.41020,-184.17300,0.00000,0.00000,1.00000
86958.42970,50538.41410,-183.81340,0.00000,0.00000,1.00000
86958.21880,50552.95700,-184.81170,0.00000,0.00000,1.00000
86958.48440,50570.25390,-183.08640,0.00000,0.00000,1.00000
86958.22660,50583.43750,-183.16830,0.00000,0.00000,1.00000
86958.36720,50590.25390,-188.56880,0.00000,0.00000,1.00000
92432.92100,47336.30700,-700.00000,0.00000,0.00000,1.00000
88949.18200,47336.30700,-700.00000,0.00000,0.00000,1.00000
88949.18200,49238.52400,-700.00000,0.00000,0.00000,1.00000
85465.44300,49238.52400,-700.00000,0.00000,0.00000,1.00000
85465.44300,51140.74100,-700.00000,0.00000,0.00000,1.00000
88949.18200,51140.74100,-700.00000,0.00000,0.00000,1.00000
92432.92100,51140.74100,-700.00000,0.00000,0.00000,1.00000
0.008009018265016872722972252063
-0.001015746924955915125518557396
0.023732950022214753527105557396
0.032645392792596254760706386833
-0.004831198018788882865559575208
-0.001686398328615387699411232170
0.039197624535507701037939654043
0.038315943885096181986682495335
-0.002358409494798130098813793154
-0.000035557622283853493598982515
0.021599045610648907184137001991
0.007425795038160824985962182865
-0.001703969080277472876797095758
0.001495671154630809742205888035
-0.000710028902774300003410135051
0.002612719494465686170120433118
0.000853080062831081250770970392
0.001091951186357751572147956054
-0.006968325634706903394521848583
0.001993961562272079414415149046
-0.000025544208462741431378117268
-0.000013751367696487614724048382
-0.000825662658879798062351584864
-0.000006611825656103158294519141
0.001430338548389048329567696527
0.000792825579733503647480996612
0.006783910887209027365529756537
0.001319409052153229337800421916
-0.001380393079013051901848818659
0.000794871947149459936315940567
0.007348858483057415895423059027
0.001195133387323777350574882661
-0.000127871625437612937252473966
-0.000108110648751052993723174855
-0.001403975078722245100129595308
0.000072141489488857649180035547
0.000161526699088518490643809344
-0.000242031329555996371034540249
-0.000910891756650993207611310964
0.000156854179088575213614140114
-0.000071977202063477582240358377
-0.000666899406930764786574639125
-0.000075161380821721319534303718
0.000127879347770336034093713318
-0.000000926770757099065134965393
-0.001081706942330213413322459459
-0.000496663293651375295327532466
0.000191165627161012769384684784
-0.000004081766512835205933237490
-0.000653721980814076452336036649
0.000100804167438801992214003622
0.000124707655258702383889446441
-0.000003729892227360644111244965
-0.000184476368675850983845990183
0.000000444111098364602563041390
0.000021759344271963082767095549
0.000012521599914683187980152940
-0.000079834689595035081884771833
0.000112263268673609868664176048
-0.000013916497871775162289151653
0.000013571558338533706213210016
-0.000038730709419566951756588175
0.000427886164540150102861271186
0.000033938698297438806331625949
-0.000347567623168478097815670136
-0.000074587089120077727788515887
-0.003005484569923623158760328522
0.001061139929883140979594013942
-0.005382779731240253974500209466
-0.000095948238209513566905443926
-0.023370108472585145176214638241
0.027647701102517074911446570695
0.005677332013701741342259765588
-0.000047145529012023135130224349
-0.021476675158774855001198034188
0.027751897676425968386482168171
0.009297032068679173671954529823
-0.004209740666436806791339542144
0.028057440548484417069952101542
0.018418451150705405366947431389
-0.009258418195798610861313449050
-0.004187213807867405310214614644
0.029347180561029577450238292613
0.018089306310535221977708886243
-0.001104195810857401928786747369
-0.000493218725990758090349519449
-0.008020602543478106208341138483
0.002234462962171292286367441093
0.001097442364462742443384501989
-0.000508990777460563339346100165
-0.008018776500389231814969193124
0.002128915129155237173641523896
0.008021309966974751043400360118
-0.001384450858810378675103902602
0.024040789891945028161623909568
0.032331614106297180966098636645
-0.000236352195750434175688589611
-0.002787999497337120477502558913
0.049243877177483567908478079289
0.042876911918164187231816697476
-0.007442826054102288230174266914
-0.001421789641444583772444953951
0.027314329995769909276148723620
0.010830833513085853098134592187
-0.000393624153302706220394768799
-0.000055005740280260884936432142
0.001619935713457796612468886366
0.000579909504739923339737550645
-0.000064169457941018224014263771
-0.000009913342459301291724384914
-0.001188329349317778383526844621
0.000099535152148673923977635625
0.000135744288691737677180274013
-0.000031179923491370642159390553
-0.000601407467423619216360941575
0.000029027875818639588322098849
-0.000119816445358780743982857198
0.000044213858361274512725775515
-0.000803400595410638774206135704
-0.000036292510741255668547423918
-0.000049475467278051094867623999
0.000103124569682574887367898508
-0.002137775939160938432764824668
0.000422855791009792961101382280
-0.006505667744611479813565679819
0.001141617116917326450395431259
-0.026400502431226335192659959716
0.019702802057886506514883251384
0.006632936053744648355334767587
0.001711587707976592155970085862
-0.025876983916635488969237854917
0.020389848460297021331966149660
-0.017196493193899813067826443103
-0.000752566783083530939542360461
0.022966003997066726516340651187
0.071342235218654626027756648909
-0.001443890889381518709277951729
0.000245550342125649241013102264
0.013622462217450630531101474219
0.006351651676323210801711205420
0.000183241979624168815085974438
-0.000020275428277958315993832056
0.006189402272519002254358433390
0.000984254343389757762813885300
0.001027099071475343506493205226
0.000538185315071417033801204344
0.009271702137008884861413271494
0.000738376459245400503482448240
-0.000942967599561795677756692591
0.000321213233717324454091768260
0.008984364817857325158367842732
0.000656632431283260716015082181
-0.000717255376194648867384240365
-0.000147654980317290065224694606
0.002756551949821130047257877749
0.000189139335145499222707102249
0.000223041282339172082993181134
0.000006326815046730116016580545
0.000341600731927242673175576515
0.000068352658054049252435782624
-0.000566971863198231632897938770
0.000244933805042802299131721178
-0.002121985914222170033216485763
0.000288869688495388551256054521
0.000444902336428898740553622426
0.000250990523492139970800768323
-0.002839183011120838956431455813
0.000349151841412191784284890783
-0.000299855727174770398529846105
0.000095404639015647630610056362
-0.002022686000711382010158745359
0.000168551994029661201786665647
-0.000262814379587678992149235579
0.000378949176937839874758362502
-0.006021785422057312694987807333
0.000570579627968797716344728777
0.000532739876586167324101772635
0.000180570935888652099295462183
-0.003761218370293934170484062562
0.000409871985246158007480665741
0.019025863418794145692780617196
-0.001095035481208189460239355029
0.014012509006226803176531348072
0.066598731084290332948860680062
0.009619896258364056887413262587
-0.000700887337898936885020872989
0.027082570954130778112523003642
0.034406845319398943194855178263
-0.007462129315874838943190017204
-0.000589008090663829439979914948
0.037483516500510551117120172648
0.036395900180545476265692173001
0.001361335386659512543261474349
0.000338338054261558122438879881
0.021130038231470759518826341150
0.004467333277073873808171722288
-0.002475867888210863884679291402
0.000434904431307150376919551382
0.015694174888612688611999601562
0.002023352448136065111911063852
-0.000422976179015305600843860345
-0.000030391717238787128204779292
0.007573791618682768934933680072
0.000586026884720285763837044346
-0.000725747181777400100777253300
-0.000126043570227374324404373551
0.002003284815469938244525405224
0.000074228760065381951880995881
-0.000116851307493507798390339203
-0.000028853965733673893800850102
-0.001337259578699412539137814093
0.000019725644223634340100300213
0.000038291143364567176014031519
0.000055755020126275304528061516
-0.001577386753342934324131907609
0.000011762462001531207551690249
-0.000289386852846426384684719313
-0.000065464558675369050673616134
-0.002774630482878826052278720127
0.000047005991456829390674667518
0.000380668937811038917209960353
-0.000105039924029216283265369958
-0.002517619518751519191307464141
0.000072616911291298278925514242
0.000876514373266374519078070193
0.000355629116841862404335000702
0.001859522172769390545299383888
0.000078373666469256400264956075
-0.001127639063948602648340679977
0.000109505231634381789904142401
0.000763615770991943614183494748
0.000035410793541473249191903899
0.000562168268329454401746603232
-0.000440570916362982990376745418
-0.000743649011000535424542601248
0.000073467555061894294628037361
0.000024527034383652023799473468
-0.000231822540303075843616531504
0.001725114216107401753086403318
-0.000000165186469848774858835421
-0.000440133877138524514955469913
-0.000031765582972130332176964596
0.000067908391717279016587191509
-0.000048116021815585956872794726
-0.000667286427306892243084546212
0.000134242922571683456420266189
-0.004970908297805663386692565098
0.000098834097153580098712132018
0.000752110669101155836224759099
-0.000035370012728872008312287073
-0.004767494810721018688726147161
0.000996585382206682237823947013
-0.001836514451278690443145058531
0.000470241966542712876327148042
-0.007657366682795013757001356680
0.004033480122407214450708234921
-0.006440136431636513808518529345
-0.000569736907143283716377368808
-0.026716712541662555185917327094
0.037909475704168027476725910674
0.008388386218984527839537257421
-0.001655815885383636783256822156
-0.019798446534940256080759013457
0.038906248768975054685981262992
0.000899402579901706290994856108
0.006791590227535903440125863995
-0.000092474154830670605683187735
0.004003714591631511374170138140
-0.000842426371052569706622537016
0.008413412801321264872234095833
-0.000090622457078849352621677249
0.003732982022325941583174024885
0.000000408732269651536373075256
-0.000000022028163038689645465531
0.000015812668017770362648144467
0.000003905062032549353820821796
0.000000175798046388781272139499
-0.000000237373379044893132471366
0.000009704753593662394516201897
-0.000006959242765216619593625358
0.000000053904796574764621987570
-0.000000247123085472313326385586
0.000002135992672280970631381236
-0.000004991725639400229355094763
0.000000000882160023351830727910
-0.000000130149048921525866983381
-0.000004625969985428172735254272
-0.000003849367445798245868755164
-0.000000038369335431391916553797
-0.000000427964519105477634619593
-0.000013823321753843455811524253
-0.000005301471093044569224601338
-0.000000120231824365529456044149
-0.000000580447526988798851624687
-0.000034487027326270542878020042
-0.000012470920284280575211907291
-0.000000003768445273852086197695
0.000000630178337939862780144918
-0.000057736251105129010520889549
-0.000035035192011733016733722457
-0.000006305271237431276314762060
-0.000068423645866891712337930220
-0.000061294754864832560830277541
0.000283344730170974562575431088
-0.003916587452378340536429668362
-0.018819966415537858067663634642
-0.000003237225295858791951293708
0.017973300841490902346464508810
0.003938302747176361008618616921
-0.018193533941054045033336450388
-0.000548531258542393112057067306
0.018367267545809938533718508324
0.001478069623573937752328277817
0.009890590353173342452741678699
-0.000242002371912741249962777723
0.006171068565470634766090274326
-0.001109527077356114478645654486
0.015365198989184782746297841527
-0.000464322170899264064034689392
0.006697041223097510015405120498
-0.000361078803124640929783639720
0.003797889712814560454756662722
-0.000096452891310879219628586501
0.000824606923611663142348326971
0.000323491442995245653390518070
0.001956457514532711564059219711
0.000014759147141815942257461747
0.000147620287464981587077436642
-0.000386939599763485664405543440
0.001112582567549224177999578345
0.000037993983959939588970679963
0.000177544003333533799903962147
0.000096287181363780975943897356
-0.000952696252444128156497415993
0.000023813698686499132855078423
0.000058594627932436186190569977
-0.000011906021338911981869443726
0.000013874000072379830651660322
0.000001245426948887896671059683
-0.000003617470625679350225553307
0.000009662922287674717127599518
-0.000014743961599096510012123218
-0.000000588736321104452620545794
0.000001680299671001553672627167
-0.000009589080469572526087967956
-0.000016227479593601708534461592
-0.000002600293205491604084199494
-0.000001086404842028406178449968
0.000041480923064218616863694372
0.000500117848483832790930370127
-0.000010035814787573439689776118
0.000038503178697987756667550641
-0.000166806845317037452528299846
-0.001483412418652397830182154692
0.000053960928904595026399208801
0.000270282817269176702922733879
-0.000079186892608573193294042858
-0.004356167514226868750504273464
0.000087454906764620075269693611
0.000553420330307809855106826458
-0.001596628148910640872248922761
-0.014890975635380911817895466243
0.000302628809558769186656423944
0.006167512855425955758947864638
0.001797825511042634065786427477
-0.013049994835045247015825609083
0.000322748137912562860392384767
0.006103648864379487837261706318
0.004921102998356544251656874422
-0.000245638907325683181898101637
0.021816014293162818565852134611
0.014609396352136382740694031668
-0.003400247817142336339418795532
-0.000970135921657137877995025210
0.028094651367608115821727921002
0.014984484935608111122462560161
-0.000781022327854566985466666651
-0.001040425027686867976220441712
0.009922757067000333164319414436
0.001158432388990081936958054243
-0.000385753546603647562169420171
-0.000581983342055185500982239510
0.005459567766344434330827439794
0.000346140454292174885603944334
-0.000649219555792005008701406332
0.000022391185507146698551112288
0.000100862322856660742258216867
0.000094719433604817306494166873
0.000377875727520120762662619862
0.000192817648564191305559506473
-0.001431470138412026639820884277
0.000091193026238447618477163392
-0.000211242925925589911584009939
0.000027992120051942862907949985
-0.000378769306669971418232573113
-0.000012942113142544889266066441
0.000210687496733487822277858248
0.000005519618446653163890646115
-0.000368334195521081422461384669
0.000004449028386980863667256661
-0.002573748638512734273481319391
0.001559443726784195093093554618
-0.008138349805409117454502165856
0.000902990302621827010780275469
0.002143719688107626527434623753
0.001643310377695362221872610320
-0.009751691836951443745351575387
0.001089786049118306784228016326
0.000424930907572307792370580604
-0.000178361339669168180973105042
-0.000815270976060703824427056130
0.000097647931250228700052196107
0.000377640671601420685639383112
-0.000075605190996195711927718719
0.002305668214840848103536208313
0.001325565515921077680908113372
-0.007121657846749077092063373584
0.001081440984783039321870390381
-0.023235452791088261059737618552
0.021343729043548569784816137940
0.006663633905192960053820439015
0.001179727909690827863595230518
-0.025028197163728779089941767211
0.022451835176991414427805082710
0.003537422220243004091638772124
-0.001517264627343493498673465680
0.016650802504018603900082240443
0.019659413438563675541326247753
0.002335687724958162864857813545
-0.003357929192454989393568087763
0.036721621982629300273703876201
0.025166867527627517081567631863
-0.005311040474781945040783082135
-0.001564684925922411439652703891
0.021980998888524578421810318218
0.005967595615985506543599292684
-0.000024515921375026972401939968
0.000457777460037134395140490106
0.004480360336810488425252074762
0.000585217168880975465578009320
-0.001816821120815409256951666883
0.000372653274421649979755016835
-0.001702209924939882381214606433
0.000245855309223706925986913108
-0.000133817568206993984906982842
0.001307260647856362065916124848
-0.009487021286095206548671932012
0.000690365173312146285754253849
0.000207808733345773646731050044
0.001992712448389992452302266202
-0.009150676728701455028835987093
0.000904738383654387755966608253
-0.003395549788521041740391170904
0.004138694566324894151543301035
-0.017769066758383428999978903562
0.002571500520704797856930134969
0.000676003760449028724341391516
0.004092262103989281751825757283
-0.025930029146385973060073837360
0.005189253114870047076112591355
-0.000409573926948779388438476312
0.000499438687772975993192647870
-0.026378466836127111710963433211
0.007072189173707416065539632655
-0.005114458004567275922758184947
0.005779505727713201215789418086
-0.036979129906946586747729099898
0.040984705674741384040515868037
0.009450947873608020466384971314
0.006641295941910483821568611518
-0.022185013449776844196570380063
0.039113602408530664944485977230
0.008393902927614323855598499335
0.006596353526785911011720564545
0.021570003357193456156037925098
0.035727663015659313905381111454
-0.007268630326609619440869636264
0.008452881420709892901221849115
0.029403785878434118838953281738
0.037809561414561848602389204643
-0.000373769295738016953199039927
0.001472059682980527989953900558
0.013282514621594368464663205032
0.003763920297321628714859453879
-0.000677329504825267261422516718
-0.000012991207056094724111997354
0.005945629695841649076104573624
0.000831220606536512232088986796
-0.000084527917715440084502759310
-0.000123262018882039229086822196
0.000549038395313291931708332694
0.000095548383642987699294890636
-0.000008632388964811795446330049
-0.000346679454602705921801436562
-0.000193518948138283569367426584
0.000093207922888215410635662228
0.000010062603288020718510014859
-0.000048433145448728014853014001
-0.000098452752590196988217302598
0.000026150074120386825412718987
-0.000075922797505733770058282406
-0.000747789485755766128796673264
-0.000357824987647011180050965473
0.000205561090337891673538589510
0.000051915354986495236609776033
0.000318163816250998212134537546
-0.000456136153977599548975385702
-0.000033965470034577995624841540
0.000157999438894715604200444381
-0.000218055223912834927283560527
0.000990627650172243518281178787
0.000118515290159665283081444342
-0.000178545996957796542382174154
-0.000113814483555098718220791043
0.000870885571641779655284454353
0.000060415839883532998109624823
-0.000003426130379739302518995233
-0.000118379126625312665246209098
-0.000377470423014877496607072382
0.000038517069419430792693356119
-0.000321799425983364305401540628
-0.000073011592619270560444895424
-0.002170591829781786611525129516
0.000085748483339480682406327783
0.000652107531749946127581918365
-0.000045528917660630665697595737
-0.000298682736042555773033069233
0.000191234397625656554753348360
-0.000319494896642625355719785629
0.000021133485899868906688226639
0.001534645248853109189210441876
0.000059521170509095376675422900
0.000146717985053563848866706176
-0.000018389916505962142971673107
0.000803496308703006631435350471
0.000040500108390866203548433960
-0.000015466215409764553676778137
-0.000027499507996652337854645229
0.001798056233107600196396980152
0.000048029576473909512367155283
-0.000210459738467854546271895710
-0.000015371665421484934370595365
0.000015663422866138713897971035
0.000030157913993758844072761230
-0.000009644544168816540470547290
0.000022339443096529551014729764
-0.002097124236173390429693874637
0.000091930870661185626791130077
0.000281672898896762698064261121
0.000066871700529045813624594297
0.000459433174996964107782843056
0.000213514369311924482415163129
-0.000072983271468610424396843139
0.000004741231057144289443168982
0.002512050380709997862010984804
0.000109016381363141737150142252
-0.000428883850421538494277623466
0.000018627930204397378588856982
-0.001549015114892107920774311225
0.000100424268961528395660565138
0.000651679508352663735236409703
0.000087740501101643642652312682
0.000489427691738830673504057067
0.000535852748925782465701239676
-0.000383029235856878740723585608
0.000021006807246211331766626296
0.002534284233606657384813010125
0.000678908097344147268281666641
-0.008157207824215499322728639697
-0.000552467032342446816815806354
-0.028363225786103410386296275192
0.021769912214744741724148369144
0.008210984321961966800329513205
-0.000628254438321577566781139801
-0.028021716961155497538360492626
0.022187354280985900623068829418
-0.000000000135243677058757856577
0.000001579955657385249102888877
-0.000002623184867952928993990128
-0.000028249532052796172133498145
-0.000000003792857239097161912261
0.000001810135592461890433575787
-0.000000406006802485597331810467
-0.000014486872126057127345617227
0.000000407567734207654549139117
-0.000093804948711521856708796252
0.000153751891623974318084808188
0.000125564290088820985349590820
0.000000107321070188709134684574
0.000065328393242445464972334435
0.000036861489344047404710137672
0.000013694264203600687990875460
0.000000198201512780341484107474
0.000112190991208691400642452618
-0.000034975805895232352660945141
0.000025996412703335573124050970
0.000000461446328258742744323119
-0.000122153285740739291423406776
-0.000146351078166498686696644915
0.000111817965427088265861765848
-0.000000000208066727318315865669
0.000001102088223954548271962600
0.000000220098341727105637959802
-0.000026478682578164495033980208
ENDSurf
Surf
87561.55470,50459.73830,-237.67520,0.00000,0.00000,1.00000
87561.55470,50454.09380,-245.38900,0.00000,0.00000,1.00000
87561.34380,50438.14450,-248.57820,0.00000,0.00000,1.00000
87560.63280,50414.71480,-247.98730,0.00000,0.00000,1.00000
87560.80470,50387.08980,-246.88130,0.00000,0.00000,1.00000
87561.03910,50361.34380,-244.84830,0.00000,0.00000,1.00000
87560.14840,50335.08980,-246.11860,0.00000,0.00000,1.00000
87559.81250,50307.45700,-245.02500,0.00000,0.00000,1.00000
87559.00000,50283.55470,-244.90210,0.00000,0.00000,1.00000
87556.84380,50250.72660,-244.75860,0.00000,0.00000,1.00000
87555.44530,50202.44920,-245.44150,0.00000,0.00000,1.00000
87552.53910,50141.96880,-246.08820,0.00000,0.00000,1.00000
87550.72660,50098.83590,-246.81180,0.00000,0.00000,1.00000
87551.07030,50066.05860,-246.60780,0.00000,0.00000,1.00000
87551.78910,50049.22660,-243.67930,0.00000,0.00000,1.00000
87552.03130,50043.39840,-236.83540,0.00000,0.00000,1.00000
87565.14060,50578.62500,-259.58620,0.00000,0.00000,1.00000
87565.09380,50578.01560,-271.78350,0.00000,0.00000,1.00000
87564.61720,50569.56640,-275.52430,0.00000,0.00000,1.00000
87563.76560,50558.50780,-276.21780,0.00000,0.00000,1.00000
87563.71090,50552.03130,-275.52640,0.00000,0.00000,1.00000
87564.53130,50546.32030,-269.72670,0.00000,0.00000,1.00000
87564.59380,50545.88280,-259.67360,0.00000,0.00000,1.00000
88097.82030,50175.39450,-221.71170,0.00000,0.00000,1.00000
88097.84380,50175.00780,-233.72910,0.00000,0.00000,1.00000
88098.16410,50166.30860,-236.80990,0.00000,0.00000,1.00000
88097.89060,50156.15230,-237.76360,0.00000,0.00000,1.00000
88097.72660,50142.50390,-238.43480,0.00000,0.00000,1.00000
88097.87500,50130.45310,-238.63280,0.00000,0.00000,1.00000
88097.69530,50119.26950,-238.41740,0.00000,0.00000,1.00000
88097.65630,50108.66800,-238.33270,0.00000,0.00000,1.00000
88096.92970,50099.66800,-238.15330,0.00000,0.00000,1.00000
88096.99220,50084.85160,-237.20780,0.00000,0.00000,1.00000
88097.33590,50074.09380,-235.63300,0.00000,0.00000,1.00000
88097.67970,50067.10940,-234.03660,0.00000,0.00000,1.00000
88098.13280,50059.53130,-225.37340,0.00000,0.00000,1.00000
88093.06250,50577.75780,-286.00000,0.00000,0.00000,1.00000
88093.50000,50574.12110,-305.87120,0.00000,0.00000,1.00000
88094.06250,50558.64840,-308.87560,0.00000,0.00000,1.00000
88094.95310,50543.07420,-310.06630,0.00000,0.00000,1.00000
88095.78130,50524.81640,-309.50610,0.00000,0.00000,1.00000
88097.06250,50506.93360,-309.31600,0.00000,0.00000,1.00000
88098.09380,50490.35940,-306.96020,0.00000,0.00000,1.00000
88098.53130,50473.03910,-306.01770,0.00000,0.00000,1.00000
88098.30000,50459.10000,-305.77800,0.00000,0.00000,1.00000
88098.40000,50435.30000,-305.58600,0.00000,0.00000,1.00000
88098.60000,50424.30000,-304.26900,0.00000,0.00000,1.00000
88098.20000,50417.30000,-297.24700,0.00000,0.00000,1.00000
88562.08590,50251.34770,-236.52280,0.00000,0.00000,1.00000
88561.61720,50246.58980,-245.43790,0.00000,0.00000,1.00000
88562.38280,50240.67190,-247.07110,0.00000,0.00000,1.00000
88563.12500,50233.46480,-247.82840,0.00000,0.00000,1.00000
88563.46090,50227.16020,-248.17700,0.00000,0.00000,1.00000
88563.44530,50214.19140,-248.24380,0.00000,0.00000,1.00000
88564.35160,50206.98050,-247.91850,0.00000,0.00000,1.00000
88565.24220,50200.20310,-247.38320,0.00000,0.00000,1.00000
88565.53130,50192.39450,-247.28490,0.00000,0.00000,1.00000
88564.35940,50185.35940,-247.45400,0.00000,0.00000,1.00000
88563.07810,50176.82030,-247.82460,0.00000,0.00000,1.00000
88562.94530,50170.13280,-247.75160,0.00000,0.00000,1.00000
88562.78130,50164.09380,-247.68690,0.00000,0.00000,1.00000
88562.73440,50151.33980,-247.54170,0.00000,0.00000,1.00000
88562.92970,50144.19140,-247.23810,0.00000,0.00000,1.00000
88562.32030,50136.46480,-246.95170,0.00000,0.00000,1.00000
88562.71090,50128.64840,-246.85030,0.00000,0.00000,1.00000
88562.60940,50119.57030,-247.61070,0.00000,0.00000,1.00000
88562.35940,50112.89840,-246.67950,0.00000,0.00000,1.00000
88562.22660,50106.00000,-245.52670,0.00000,0.00000,1.00000
88562.39840,50098.24610,-240.69160,0.00000,0.00000,1.00000
88562.44530,50096.19140,-236.02880,0.00000,0.00000,1.00000
88018.39840,50226.30470,-240.24390,0.00000,0.00000,1.00000
88007.33590,50226.43360,-250.00000,0.00000,0.00000,1.00000
87970.43750,50226.87110,-250.00000,0.00000,0.00000,1.00000
87910.81250,50227.57420,-250.00000,0.00000,0.00000,1.00000
87855.03910,50228.23050,-250.00000,0.00000,0.00000,1.00000
87776.10160,50229.16410,-250.00000,0.00000,0.00000,1.00000
87731.05470,50229.69530,-250.00000,0.00000,0.00000,1.00000
87676.57030,50230.33590,-250.00000,0.00000,0.00000,1.00000
87640.10940,50230.76560,-250.00000,0.00000,0.00000,1.00000
87623.33590,50230.96480,-239.77250,0.00000,0.00000,1.00000
87403.76560,50296.07030,-208.67710,0.00000,0.00000,1.00000
87387.57030,50296.41800,-217.15760,0.00000,0.00000,1.00000
87368.21880,50296.53910,-220.61320,0.00000,0.00000,1.00000
87333.53910,50297.62890,-219.78970,0.00000,0.00000,1.00000
87289.25000,50298.12110,-223.05750,0.00000,0.00000,1.00000
87252.93750,50299.13280,-225.00000,0.00000,0.00000,1.00000
87219.70310,50299.78520,-225.00000,0.00000,0.00000,1.00000
87182.84380,50300.50390,-225.00000,0.00000,0.00000,1.00000
87158.00780,50301.00780,-220.96290,0.00000,0.00000,1.00000
87128.46880,50301.57420,-218.67990,0.00000,0.00000,1.00000
87103.00780,50301.79300,-216.96460,0.00000,0.00000,1.00000
87082.29690,50302.26170,-215.25750,0.00000,0.00000,1.00000
87069.36720,50302.58980,-213.61110,0.00000,0.00000,1.00000
87059.42970,50302.92190,-209.01050,0.00000,0.00000,1.00000
86592.53130,50340.62110,-171.00950,0.00000,0.00000,1.00000
86592.94530,50331.46880,-177.79830,0.00000,0.00000,1.00000
86593.25780,50323.52340,-178.68350,0.00000,0.00000,1.00000
86594.13280,50316.42970,-179.05750,0.00000,0.00000,1.00000
86593.57810,50305.56250,-178.89940,0.00000,0.00000,1.00000
86594.57810,50299.50390,-179.10040,0.00000,0.00000,1.00000
86595.57810,50293.44530,-178.95610,0.00000,0.00000,1.00000
86596.26560,50285.66410,-178.98340,0.00000,0.00000,1.00000
86596.84380,50278.74610,-178.31640,0.00000,0.00000,1.00000
86597.53130,50272.51950,-177.82220,0.00000,0.00000,1.00000
86598.61720,50264.21480,-177.85680,0.00000,0.00000,1.00000
86600.55470,50245.21480,-178.46250,0.00000,0.00000,1.00000
86601.89060,50224.92970,-171.05460,0.00000,0.00000,1.00000
86572.64840,50600.99220,-186.08940,0.00000,0.00000,1.00000
86574.21090,50595.97660,-194.18680,0.00000,0.00000,1.00000
86573.40630,50585.83980,-196.69590,0.00000,0.00000,1.00000
86575.63280,50576.74610,-198.15610,0.00000,0.00000,1.00000
86577.71880,50567.49610,-198.36440,0.00000,0.00000,1.00000
86579.25780,50560.28910,-199.02860,0.00000,0.00000,1.00000
86578.23440,50554.05470,-198.71340,0.00000,0.00000,1.00000
86577.39060,50544.84380,-197.47000,0.00000,0.00000,1.00000
86577.84380,50536.24220,-195.15160,0.00000,0.00000,1.00000
86578.50000,50529.03910,-193.61460,0.00000,0.00000,1.00000
86578.94530,50524.33980,-186.50650,0.00000,0.00000,1.00000
86958.36720,50590.25390,-180.56880,0.00000,0.00000,1.00000
86958.28910,50587.02340,-191.82860,0.00000,0.00000,1.00000
86958.17190,50579.27730,-193.60580,0.00000,0.00000,1.00000
86958.75780,50564.73050,-194.41820,0.00000,0.00000,1.00000
86958.27340,50544.70310,-195.67780,0.00000,0.00000,1.00000
86958.82030,50520.60160,-196.89080,0.00000,0.00000,1.00000
86959.06250,50494.22660,-197.64250,0.00000,0.00000,1.00000
86958.62500,50473.74610,-197.98900,0.00000,0.00000,1.00000
86959.35160,50444.66410,-196.89510,0.00000,0.00000,1.00000
86959.18750,50421.46090,-197.67450,0.00000,0.00000,1.00000
86958.57810,50393.25000,-197.52530,0.00000,0.00000,1.00000
86958.94530,50375.52730,-196.50520,0.00000,0.00000,1.00000
86958.94530,50356.41410,-198.66880,0.00000,0.00000,1.00000
86958.72660,50338.64840,-202.20950,0.00000,0.00000,1.00000
86953.95310,50325.34380,-203.15010,0.00000,0.00000,1.00000
86957.14060,50305.40630,-202.96300,0.00000,0.00000,1.00000
86953.84380,50276.21480,-204.23340,0.00000,0.00000,1.00000
86953.03130,50249.81640,-204.55410,0.00000,0.00000,1.00000
86952.53910,50227.53520,-202.61740,0.00000,0.00000,1.00000
86951.00780,50205.68750,-199.34230,0.00000,0.00000,1.00000
86948.84380,50198.84770,-194.34900,0.00000,0.00000,1.00000
86947.97660,50196.09770,-190.80760,0.00000,0.00000,1.00000
92432.92100,47336.30700,0.00000,0.00000,0.00000,1.00000
88949.18200,47336.30700,0.00000,0.00000,0.00000,1.00000
88949.18200,49238.52400,0.00000,0.00000,0.00000,1.00000
85465.44300,49238.52400,0.00000,0.00000,0.00000,1.00000
85465.44300,51140.74100,0.00000,0.00000,0.00000,1.00000
88949.18200,51140.74100,0.00000,0.00000,0.00000,1.00000
92432.92100,51140.74100,0.00000,0.00000,0.00000,1.00000
-0.008872634665398428099880590025
-0.000103527109881539780165612963
0.023897815276066564776913381252
0.033939566112991093049799928849
0.008070791565583483595514024955
0.000078871184288411039947121195
0.030636187908948901009731358158
0.035444535402643730093164009531
0.000810124268730527913144612295
0.000048504409032467071631600231
0.005388752924055380949530658086
0.001640116349937034917819134172
0.000006998478235376936359393892
-0.000078757101066153457425214612
-0.001252902115479412456164332035
0.000086068419650916369264583017
0.000066019219290971130082584795
-0.000064797604464466093806759850
-0.002246446589556355590694414204
0.000101726497783404185634020811
-0.000187330917252539856654447448
-0.000062920164190328515966058043
-0.000601057607402041534430670033
0.000219988086827027482959492910
0.000122826079557806393856983496
-0.000159059753063698093361252872
0.000206658839104978153981481692
0.000049872346390381011658598370
-0.000041622952971108433800877940
-0.000186362552458001304745566218
-0.000816605662665667434742255981
0.000085056066708643336226995657
-0.000001628079176375433357725365
-0.000106300523315298439111162287
-0.000182332495526040531041642168
0.000062327296402906994248101225
0.000000446105955121553416812359
0.000060057937862701953209663974
0.000045413726633741932864427732
0.000050896806879008556266739266
0.000011684795453592487521972572
0.000119916340567681879540617995
0.000266541281963532351254736463
0.000065709573457088459817049264
-0.000006262980424727914001436797
-0.000070044961503126895708236377
0.000291627170613463872813481137
0.000038570095884136586738243080
0.000014125552383543156991863379
-0.000032168242949995422546183993
0.000099203855089241620244383535
0.000015835285432153841002215003
0.000596699890977053326417134382
0.000193890738567458685267033691
-0.005046356590269742911636363658
0.001251737573618544319131729026
0.008818575482232707263285931276
0.001352424709627984052845439678
-0.032494793794473265935440764451
0.032831154596777524512507540067
-0.009420667885921369874568931380
0.001125386158510115978265142545
-0.027585807105423357926676786178
0.032157249614911107005177370866
-0.006742100820243553636890165848
0.000266454823844521526861328642
0.002170815603825660029813082730
0.041246087707891385121250493739
0.001734068182078463051659644734
0.001313862332200652245639549420
0.024486730010741929869366728667
0.047829323420915052789137433820
0.004488866399410869172104110447
0.001453656526419730725049883624
0.022181853244300182154136180657
0.011722074517854579392417413430
0.003276511423863765013614335331
0.000059458528186810192498086558
-0.005105141441032147106571237316
0.004420903153159900025870321372
0.007868666524489789995677746504
0.003924714546681076429712753395
-0.039580655518789024938097753648
0.028828374477668901321170125129
-0.000783924335359998530892156055
0.004723785716915966138851334932
-0.033608570966807610469473388548
0.079891861747045309072312591070
-0.009804174801663770658088914445
0.000423982015129418490957668997
-0.002905779787563639998682063492
0.050539675360147910676555937926
-0.007194996167711451007242828837
-0.000023200431363053700394580639
0.004882083177957470543351092829
0.041995282547289534968992796848
0.002732525835496261122636862950
-0.000718844498958357979064015542
0.020224836414009447760342652600
0.046043610661681853846172174372
0.003474448802072365762028116620
-0.000310735335936465628670077876
0.020985549323182348113725481653
0.010903421869434179111713056898
0.000722759527117634598819551073
0.000073125970241673206501988036
0.006359434226862992547979480662
0.002469334541098446543505584572
0.000146064630574380745643009449
0.000043460717999141513178361362
0.002474057311121929426944721087
0.000299692313185898496358250398
0.000263262411296621436605780442
0.000030245010759084537131690176
-0.000181448348859413160615722260
-0.000043045959637048209769309010
-0.000084958400190390031213837074
0.000009707877708437844747457052
-0.001238231994430268175996778801
0.000018420177589275729728096956
0.000171670711726244225705031998
-0.000049968227517612734509162842
-0.001475664508623145566162948583
-0.000010834170543641851014297385
0.000044415367565061924853483943
-0.000064129141365696935156437419
-0.003238154449440584174008117557
0.000121238677771081209398086609
0.000936809759165316583914839832
0.000243077770845952353603869334
-0.008719230354400288318661438325
0.001151825180091613264402039540
0.003137125318801042145322455212
0.000960690859089827317758569780
-0.021607515152621853404824037170
0.004977163270876074768755970013
0.001312464338448571200476666654
0.002055353919440412475277968340
-0.036927485050473586591923691458
0.027354976738244236172947765340
-0.005676263190789210787146057413
0.001323262274107149917903858416
-0.021551814590970413965109742094
0.024639463746561573315174697996
-0.002479327647389483087192463273
-0.000532678172226390455115674349
0.005978812049396442680759822252
0.024051496966705179780809942258
0.001540503296723324004255384345
-0.000752668783761814628834041496
0.011715314735147063993081495425
0.023564481340117623270336011387
0.000620389614231537322129594880
-0.000441829305021162544245272308
0.008317530036149416855506544266
0.004223602407300118891098072993
0.000413064344001328766480679588
-0.000086063427879358903147162529
0.001595959301101763407049194399
0.000616573698963078422469186179
-0.000058616441810716635510674494
0.000035122087640185663292343582
-0.001119846107668596123241311346
0.000234417648989093208109629751
0.000465202474466094027024526403
0.000284054583309472068880507933
-0.004447467835572706598701309133
0.000392494317068270523896772461
-0.000319615715161054056263345569
0.000305649361995580606289613090
-0.005689493697983743179802385015
0.000758048373932782080901471300
-0.000092734832409259519399660765
0.000039276145319779770580335271
-0.002179589300307840232795442148
0.000082106424851125542232858912
-0.000074707506713827460703876426
-0.000026206896817007547449652691
-0.000787012550471254861486625209
0.000026221218618689664571225900
0.000983108888646866928284762110
0.000032648851208454277440362129
-0.005513725275613238531458026870
0.001139925098445525135371081404
0.006197445561884286704956714686
-0.001309818460412100074932717497
-0.030806368861459289959503493606
0.025191114650817449105435485990
-0.007188240029916084621042227099
-0.001527978673652968842969213092
-0.025754084123643380260793023240
0.025463607764171228980965011601
-0.008669606936601998922742318143
0.001929630481418525157072396681
0.021341151864406906341065095489
0.038259991984415549215459151355
0.001590620100605755551925746261
-0.000902625847263749175528046997
0.041762642212572635702638734756
0.042757947431375127600450269938
0.005086297611565562121205275048
-0.003040127398191842886948643709
0.027297844588677233623741358315
0.007860106436121411938033887168
0.000613837250677170317286757140
-0.000848405367160304322432518020
0.011394178448945611187292925592
0.001677273807090852225307187062
0.001350897202224743669923823219
-0.000234126275317127224449495482
0.004542822779477356971711277112
0.000402383720013805765407938209
0.000874826710202698072313398647
0.000287298099297659571826901725
-0.002852260354423714460575522978
0.000126035884981782743364739363
0.000815260787034975870947450804
0.001128613916092545670782909539
-0.008674877557089380811228274126
0.000555226469466439491451392740
-0.001455297000418282740361042293
0.000801846452838284062293594534
-0.006424652169932221386361437254
0.000527760980451034002018662061
-0.000672762566755228069541316938
0.000347838485322904855841230631
0.000831375231810489940045827417
0.000058969313727680245415096322
-0.000108395845590758405628008243
0.000623707528229632815128247181
0.004092517964113990408536736254
0.000133689168604487346181386442
0.000818248861629545316993816773
0.000312782455349992142938642115
0.001640338814985724388492704939
0.000046225895787844013199840293
0.000049369004751783833559886788
-0.000041489712191281313260690644
-0.001701616925401436882653305460
0.000003734343701422750754176198
-0.000223653302545013437166443460
-0.000035804199058602661337978590
-0.001331979930145224142942761425
-0.000006506690147972080252413828
0.000757800542071833047041984344
0.000064246821402723814113319700
-0.003407471083836659427046544835
0.000077788398972815391745408431
-0.000214551328261613149465253381
-0.000069733891573494602607319326
-0.005332833308165403282674610352
0.000201059715946619251046925680
-0.000402921129018025524909374369
-0.000201914796909631605184923253
-0.003197777765204585197211795133
0.000129977641782897664979659624
-0.001211018795027542184136737369
0.000119186885867335210171039095
0.003711654526389036520828135224
0.000732457570567352856186205123
0.004042081090573015553224500707
-0.000306262077452300232171394923
-0.005584308872062445326667212697
0.001603705040230330542902481561
0.000356908929292135070239500028
-0.000593072539186731656317419503
-0.021697966866293022514255994793
0.003918412522927368531189262768
0.002978330881509855514871487614
0.000280890888111205781589585495
-0.036209736022111076170215682168
0.017186578378426194124717341083
0.028916264918545646345204858108
0.001383926067850314509111164796
-0.060652232426036067902685999798
0.097554539646172222511211202800
-0.035292237097095911779742749559
0.000854831153270291547660586495
-0.037056783736198924128490972407
0.081951292279760654113651696662
-0.003033251924960925823698820736
0.017044978601592399719555359638
-0.000859371479222401720050872331
0.015272341324766128961565314626
0.003039251084245006128553567848
0.016936995675002307348844254875
-0.000408182624192091232651069532
0.014497615297451830682073925516
0.000002753207367713264739023191
0.000043741641950354988657712063
-0.000063181150272604259744875510
0.000165167774327604666324831317
-0.000000185409219097347713014044
-0.000002566970705397568551595772
-0.000051870415646045552569842751
-0.000030727971960534828787126732
0.000000064588942812152764010264
-0.000001165171404062433853544714
-0.000024239237562627548538919317
-0.000017291813692204846753452605
0.000000193768766343546522483885
0.000000352505954539447132183722
-0.000003303949017795191641879609
-0.000017268152068064047851810375
0.000000328067940549410971305065
-0.000001012206308422057707762601
0.000009574682229423495943431040
-0.000021769279583055211555473255
0.000001451932672879502218273940
-0.000009478394517166370056965828
0.000017601280252270656124331458
0.000048508104929544677960586568
0.001348820722690070037300125172
-0.011352066715597490184630480314
0.000159987430047056855509854389
0.006714780188520701707799442914
-0.001364964469491657334324075102
-0.010722593619787914448471255469
0.000172573945293681170606511777
0.006972844169386033588708961872
-0.001398415148019172297641499192
0.010445063975401579908774962746
-0.000225249719650024750328132228
0.006073949703365061000837066274
0.000931806841358117049316234226
0.015626525486840413953215644938
-0.000273326732691628185908244708
0.006681711209984286803376107855
0.000474594339997562713467926798
0.004061365892276505226710092700
-0.000015046075060005865262524778
0.000769661588587745209080748232
-0.000057070334508502942730875235
0.000484906451349711032760420037
-0.000004054504582997979083040449
0.000093425751645166430826329462
-0.000003087070445259885690281621
0.001559114811765494349946048480
-0.000030519879092016612620250071
0.000090195235943899563016423748
0.000040347411773886003637321768
0.000732932249007822982783677546
-0.000019951559790227877007589424
0.000023725700108360181788021148
0.000000021627943914719662944931
-0.000000072494018987408090867017
0.000001773716634416870913752685
-0.000002305520458275243020069938
0.000253338252542858728775382327
-0.003148844976667785310053826464
0.000069623609107089887561119201
0.000465035600043158317551394987
-0.000165493576784647505265729572
-0.004439031162875783573240617841
0.000088547532212641149782471339
0.000628769503114890403183689926
0.000015555654556722943356863662
-0.002609820790609855903352531925
0.000038176714695363405467805340
0.000188496494714614210149936091
0.000086999261983278981824087295
-0.003282598630351863007448276477
0.000051990665416953378813024605
0.000247334285324668989251156725
0.000553486986524086873977246182
-0.006770421700087896933750730710
0.000164612793177617325020636874
0.000787612478092477967528406424
0.002755734523640249351850162185
-0.022218613626969498792140811361
0.000710476683295073550145071195
0.008545854017913290939789661138
-0.003490468171131178281435536448
-0.017700141646412304724522712718
0.000682437538050303677678032344
0.008179024586003358701646881457
-0.004584359134544617291051604724
-0.000958688028832765134872040402
0.020741779317387083747536991041
0.015587327210796851975627141940
0.002840072786409028084142480708
-0.001229755141440744443948052123
0.027911916080490165037453209607
0.016045727929879322060102708747
0.000719923434769805035797485271
-0.000744659148071401331796248524
0.010477421681077741730248042984
0.001193646338108437328015543066
0.001143678636665560952034859099
-0.000445441131963388438179396456
0.002955225603239863135796028359
0.000237062440294877341002283133
-0.000988971458802176102767522714
-0.000502706606529025688129275196
0.001960542601462739436407600735
0.000155504150504218239918496902
0.001489461304277247795727068258
-0.000117149417349926061480622219
0.000740337086845666058135262411
0.000097620074606786721928448902
-0.000680025502482281920570150735
0.000294998745467826774431518988
-0.001662849514178530796817967463
0.000060875891416264197599471364
0.002023616657696901931229316318
0.000544361768862245288397305742
-0.006581467977203552151277410331
0.000612389875060833765302303888
0.000025310485445230671420861757
0.001250805803553455778504011064
-0.013002586228743768723137286258
0.001152219393277484696391788077
-0.002050732242871788207905225931
0.000650051313802831173468965709
-0.005955552218414440421301314643
0.000522683971061971741796370328
-0.000027623336264183496682614663
-0.000123989548403998477025048097
0.001065706080765019920716940582
0.000060289912649054594494853893
0.000817585109537235306571834048
0.000386175341190537568889645792
-0.006608231534143712768147871373
0.002636298056509253900231426471
-0.000731541575217638977493561647
0.000413288610695237588685269081
-0.007408034937855130334927178382
0.002761008456779862323821062020
-0.009038387319052123419771405111
-0.006897659141888710411516516530
0.023051615291610611652162177165
0.036409869669658090352015733515
0.006775184785313735115475086701
-0.005958687895678795726217558126
0.034151828398759312421795186765
0.038517878396049837208536814614
0.000542676116965555587791369963
-0.001681369377045067959805524360
0.018806769458342670331418844398
0.005262996328068460238913672811
0.001476156102643738947041707199
-0.001981154411449778489362483214
0.009001234932557132528696541840
0.001127891988837377654913973757
-0.001392483421260723051512964155
-0.001505953203621178057569629516
0.007028305254940893365134257920
0.000822374497305253682882808519
0.002880608763826723438955523804
-0.001656855527377184070236815217
0.002035356899219819149654542301
0.000554334310605750614844855484
0.000285576439815920938083970704
-0.001332885939658165746352080916
-0.010922037166853811041011823590
0.001095035716650073981739965667
0.001733599563804427571081512305
0.000033902035663442720697918070
-0.021144382353121042583676825188
0.004499965320993006348548881590
0.000658097695863629262615079885
0.001944055406225985230261876779
-0.027539558401320513719712224088
0.008564516958444004166017826662
0.007556681305206454715706065883
0.003875421509429194562301734805
-0.041273165082608552489684683451
0.042499721799299020053020115029
-0.011474866131920254466725062059
0.002564348344769989615499206081
-0.027513266292959980691135157826
0.040655650968757409136067337840
-0.007136917364399968100041604657
0.000231182449218802506642547745
0.013179984397607716339884120771
0.039257167480494688238668032909
0.003227808954253662612754460781
0.000492634415286989841599452067
0.026803292481682759046401898217
0.040463180418578777175486749229
0.003627480995807772379962985454
0.000065183504304143979283386878
0.015263003972523983900466681973
0.007030724000546018440105378033
0.000131282830048725127980793759
0.000061022361315696857335388881
0.003536774801172346688327152719
0.001193107989114433912722357256
0.000065255142447936405987116149
-0.000026491713924484594413349958
0.002600822307263150716394317641
0.000016866403561643505005368526
0.000044304295178830334106957062
-0.000033855873823076729472320023
0.001580844894414397232285107719
-0.000030068541355148826614866395
0.000000307142498047505940402012
-0.000009447904798443401033053966
0.000952459458125299316191836319
-0.000017225677137686178487605698
0.000084566465303925723189827635
0.000007957720594601133367305447
-0.000232352610502858567508022158
-0.000005025299962853319256622219
-0.000106798256863667532503767155
-0.000003588059837451696730873350
0.000077575455881540500077675482
0.000065275825422051307633276862
0.000068768033455365583134395735
-0.000031572594195110847937416759
0.000629976045346406290925678206
0.000010103532118722519691882133
0.000175463004637983651908331173
0.000001439088632810483440660682
-0.001708634441402150181549268737
0.000085935293229853033578069521
-0.000486539736394378985635811308
-0.000006217834133838169636990072
0.001289722329422969028522860668
0.000457682217505121443929666514
-0.000292216309946476398163445198
0.000016386616417421509528645068
0.008194589449268700753759020472
0.001393884599976504207533012369
0.000261602339423002989548389108
0.000736639505492339588359207436
0.007512459886122918942263915199
0.001185625654169125166303988550
0.000354549410636939012989726772
0.000823145598164551372567798726
0.001982688993836211922838774768
0.000142224629915596096534427528
-0.000075985362238657118568417592
-0.000019032478611016196025753147
0.000513782484847700353716715149
0.000044864047028135362797738456
0.000031554529561563311637183843
0.000009159932700295720159528769
0.000963197247528133895441704304
0.000031992796099422923610227504
0.000189835494563000078223000133
-0.000090087208581949746745952401
-0.001697911396508326254198295580
0.000150088144655129932664161529
0.000133230201978642304053504497
-0.000364775701556425871029815111
-0.005220902436539857568997824444
0.000843633926852460983014658780
0.007175060704400041365624840495
-0.008346452440518336082786454710
-0.028899910923816635177630018916
0.019081951798879753789961455368
0.029706912290236697771206308971
-0.024216327131416075235659235432
-0.076662689881220463794520014744
0.084544932799226646391588246843
-0.037187961622633471103771540811
-0.016189569607293723130236884344
-0.051250734929663824268608607326
0.065797015029407227015845194273
0.000000000031299266378888180348
-0.000000760943306049704593003221
0.000001334590707639450965182036
-0.000025832382508113341338393601
0.000000000876886959190226536110
-0.000000094992308819342010948427
-0.000000168581276981196892493644
-0.000014484955856159240685778963
-0.000000293497796821330817620353
0.000064793907449661096529386350
-0.000108199048828659335520774309
0.000058266545531158198145162130
-0.000000043596495790919685678370
-0.000026859026340320686762532659
-0.000015387596613984832669402153
-0.000017053422852139812481309794
-0.000000099439294422247779403154
-0.000055379833887032118005123299
0.000019135115777121527975241852
-0.000022881723491107505003006040
-0.000000335682004854646836186459
0.000108784605546574859088332365
0.000089228114157538992458860994
0.000057194742589911011878579805
0.000000000375003446208520118342
-0.000000733161395359171152455934
0.000000431747059717661697987042
-0.000027394602006209333306925927
ENDSurf
Surf
86284.77340,50278.48440,-172.16400,0.00000,0.00000,1.00000
86278.54690,50279.04300,-165.00000,0.00000,0.00000,1.00000
86250.43750,50281.55860,-165.00000,0.00000,0.00000,1.00000
86212.01560,50285.00000,-165.00000,0.00000,0.00000,1.00000
86161.32810,50289.54300,-165.00000,0.00000,0.00000,1.00000
86126.25780,50292.68360,-165.00000,0.00000,0.00000,1.00000
86100.32030,50295.00390,-165.00000,0.00000,0.00000,1.00000
86079.65630,50296.85550,-165.00000,0.00000,0.00000,1.00000
86070.63280,50297.66410,-171.80860,0.00000,0.00000,1.00000
86320.64840,50338.92190,-171.97930,0.00000,0.00000,1.00000
86310.82810,50339.80470,-165.00000,0.00000,0.00000,1.00000
86288.00000,50341.86330,-165.00000,0.00000,0.00000,1.00000
86264.37500,50343.98830,-165.00000,0.00000,0.00000,1.00000
86224.82810,50347.55080,-165.00000,0.00000,0.00000,1.00000
86170.94530,50352.40630,-165.00000,0.00000,0.00000,1.00000
86125.02340,50356.53910,-165.00000,0.00000,0.00000,1.00000
86096.80470,50359.08200,-171.12460,0.00000,0.00000,1.00000
85903.33590,50070.19530,-170.52750,0.00000,0.00000,1.00000
85903.21880,50076.64450,-165.19590,0.00000,0.00000,1.00000
85903.10940,50082.74610,-165.55900,0.00000,0.00000,1.00000
85902.86720,50091.57030,-164.57660,0.00000,0.00000,1.00000
85902.51560,50102.08200,-164.27980,0.00000,0.00000,1.00000
85901.85940,50114.96480,-164.33330,0.00000,0.00000,1.00000
85901.34380,50123.78130,-163.35290,0.00000,0.00000,1.00000
85900.78130,50131.91410,-164.06630,0.00000,0.00000,1.00000
85900.00780,50142.41800,-164.11180,0.00000,0.00000,1.00000
85899.21880,50152.24610,-164.15480,0.00000,0.00000,1.00000
85898.35160,50162.75000,-164.54030,0.00000,0.00000,1.00000
85898.05470,50173.60160,-164.58350,0.00000,0.00000,1.00000
85898.00780,50183.77730,-164.62240,0.00000,0.00000,1.00000
85897.16410,50195.30470,-163.99390,0.00000,0.00000,1.00000
85896.17190,50206.48830,-164.04360,0.00000,0.00000,1.00000
85895.78910,50216.31640,-164.42280,0.00000,0.00000,1.00000
85895.43750,50225.47270,-164.12090,0.00000,0.00000,1.00000
85895.40630,50233.61720,-163.81270,0.00000,0.00000,1.00000
85895.37500,50242.43750,-163.84630,0.00000,0.00000,1.00000
85896.66410,50251.95310,-163.53360,0.00000,0.00000,1.00000
85898.96090,50263.17580,-163.55900,0.00000,0.00000,1.00000
85898.43750,50272.66800,-163.25960,0.00000,0.00000,1.00000
85895.07810,50288.90230,-164.70290,0.00000,0.00000,1.00000
85893.39840,50298.37500,-166.10800,0.00000,0.00000,1.00000
85891.71880,50307.84380,-168.19170,0.00000,0.00000,1.00000
85890.78910,50316.29690,-176.97960,0.00000,0.00000,1.00000
92432.92100,47336.30700,-700.00000,0.00000,0.00000,1.00000
88949.18200,47336.30700,-700.00000,0.00000,0.00000,1.00000
88949.18200,49238.52400,-700.00000,0.00000,0.00000,1.00000
85465.44300,49238.52400,-700.00000,0.00000,0.00000,1.00000
85465.44300,51140.74100,-700.00000,0.00000,0.00000,1.00000
88949.18200,51140.74100,-700.00000,0.00000,0.00000,1.00000
92432.92100,51140.74100,-700.00000,0.00000,0.00000,1.00000
0.008343764453166155684038507445
-0.025990876551664404692232324123
0.002535501438198005125929102022
0.029814125656778857342832367294
-0.008320085420005601112292126231
-0.026041683273403788689837057291
0.002493382679875894882004505604
0.029638633520374508406591829157
-0.000012701272958881321901492868
-0.000124629847139438718799445138
0.000059249469510356599728697485
0.000362927280894779255137477803
-0.000000585863249434498004140481
0.000002411442549630771017447417
-0.000004933299643356563104080320
-0.000099618722151935791900290162
-0.000000381969643355635200757933
-0.000005573961042100175455719663
0.000027782423310166687004585037
-0.000045461519724246350214642842
0.000003844815220787305860286002
0.000009543610234644442201100076
0.000066153826239462876494974719
-0.000030024334112358594693409017
-0.000012565031662511014822749753
0.000046010620968266202363700090
-0.000143947420401877354935796238
0.000264593559403417935213531642
-0.004678794269209550493737737042
0.021167502620951385294834068418
-0.002071385041702286829157220183
0.015661090054548881811413707510
0.004677957822502214722815150338
0.020978560326425775561798303670
-0.002057215673244083137261029037
0.015973967646965417377380447306
0.003955693911550440741708989378
-0.019364654359779052278378586038
0.001899457062527464554571587918
0.013838651741305595457842692042
-0.003958541939081253180354735832
-0.019486286734462458097860704243
0.001837471144904330314431839533
0.013666430245007363600273642135
-0.000008866117696642214813401196
-0.000034827744042285862363910603
0.000116446615058015277214924221
0.000308064150611488812847582608
0.000001339986887280551559924668
-0.000004815225952482399860799054
-0.000031136756105372419311302229
-0.000001876197479788395601642660
-0.000000281063168381933410239383
0.000001050717029419758609157481
-0.000022513749552052922067073640
-0.000075331555708495523990091136
-0.000001490299892471532630097231
0.000005785130685096143452828335
0.000009968104141569073152603572
-0.000057028777103409647008646494
-0.000248515575922261908615312764
0.003505093651240387062073544655
-0.000474385029621382460409545478
0.000724134963737215874707287000
0.000260253818901771320857424508
0.003598449043689532986234347334
-0.000633494135966976355638091700
0.000977790947066755396915871401
0.009102662116833040717445157952
-0.000438052615523981908433881483
0.029560893884995401159621053466
0.024295268731894067992804764344
-0.010591995961447676563582653841
-0.000457213724287795417449559165
0.024843593554298444570083148619
0.023354540791089558465776221396
0.002891066605070937226007465881
-0.000092450620470784313940579291
0.001532729312530102527833975046
0.002532763396664793401069637468
-0.001148295906964962899421411890
-0.000215476248041609666885112806
0.007551425564773403889540226430
0.000474114445326939584583747500
-0.000279158551297529545272974039
-0.000039989324012845104674637731
0.001178786674916266130272446411
0.000000582058441119639719353097
0.001422809094709077742599290239
-0.000348877347660560591883355253
0.005997930205408560228041991991
0.000713334741963464230747604677
-0.002699357209301270210666245930
-0.000002479081311219835310387600
0.000868191789628145458614094654
0.001070701252769227064878809763
0.001262849009604567925013629548
0.000382277650086188425411493075
-0.005496532764686472283255369575
0.000489542841071112749644356210
-0.000005912735354430686897961138
0.000030141569714140262306904458
-0.000425248423800746102197561926
-0.000004518456582507320502307708
-0.000283775519646046678334805335
0.000156470487260583631609206501
-0.001946862001366967895310544634
0.000052696125906347520599995460
0.000294863112203624076496782935
0.000152818571288336339016739052
-0.001908688703849681844379460038
0.000069497252163408713455938770
-0.000003158387321257318203850161
0.000005481832783215658601609285
-0.000371069799495350423953338170
-0.000001000585232056356282186421
0.000442098070851082143670890412
-0.000181870264509207063899354218
0.002147155946979801416363287103
0.000135920118028207636239057532
-0.000440440588141764353350554595
-0.000163386472512465146748189548
0.002138939858906220310014179020
0.000111453115740465136425385584
-0.000362572631888942453759483442
0.000094088618903810766736471594
-0.002150671441269560221071222017
0.000065847263623608587681558524
0.000789429752807070932857369527
0.000004729440258325287875420390
-0.000160576389544948248131253643
0.000150349363949756189900650027
0.000177465782317904382375806094
-0.000076216986390405339697913523
0.004111768731235089860409637197
0.000148835205253569017713050071
-0.000618245236398584532659661317
-0.000013608567008973965277137189
0.002102466466296847805855785296
0.000074013552798831528734338492
0.000401519871114698850660118534
0.000257255334474324880589951592
0.001459120644062283055075734950
0.000076096543926757853181647162
-0.000369808738168705530141577853
0.000228134872208355380307151505
0.001579182099834390692535968093
0.000045920534141399209446948726
0.000364774402456170658299444698
-0.000161091323507213916724559177
0.001559196348503384243339153770
0.000077917774390085984105927541
-0.000660985511757161497102541770
0.000389626865436943422161403250
-0.000898069951033748426795499942
0.000243499933349323847845205315
-0.001216876125785505474360959077
0.001804896194887381901186818034
-0.009778172233221138487380130755
0.001364182169597183110279492446
-0.000676362963290300187729764403
0.003071536378345023857866502581
-0.017560375853557852465769428818
0.003745807774066829166914605054
-0.002605086564386021805161952614
0.004122368683530257954528153164
-0.030809406076254347572884739748
0.023107813051674790799649983342
0.004811567325072000668451099870
0.002433136302280270932274497397
-0.020534637590110947635846372350
0.021096298522802314767687903441
-0.000000000150104931419022104517
0.000001318943953969004285190414
-0.000002001957466191443985330158
-0.000025443812182932727862126263
-0.000000004579947001224348037884
0.000002383138644706898646850228
-0.000001738847834421852967795434
-0.000010391058002233571279002665
0.000000014796192786159547014397
-0.000019000326707605516335288648
0.000005087836111237834183364075
0.000022667110609701148507761151
0.000000404650524940100383290470
0.000088668505489617732424727226
0.000156951083378469664810633821
0.000100682591014018103185018171
0.000000448181760134292162594882
0.000110315047664301857290730657
-0.000162561937343835285433440996
0.000098644787477642555551665682
0.000000016046413183731898034588
-0.000023459511405329932246183536
-0.000009155025412542905637351340
0.000005974509408717393248795975
0.000000000738528126944934527731
0.000000299956856332269820556325
-0.000000027978400392090038452070
-0.000024329216295795049964821241
ENDSurf
Surf
86070.63280,50297.66410,-163.80860,0.00000,0.00000,1.00000
86096.32030,50295.36330,-170.00000,0.00000,0.00000,1.00000
86151.79690,50290.39450,-170.00000,0.00000,0.00000,1.00000
86166.21090,50289.10160,-170.00000,0.00000,0.00000,1.00000
86212.57030,50284.95310,-170.00000,0.00000,0.00000,1.00000
86260.61720,50280.64840,-170.00000,0.00000,0.00000,1.00000
86275.27340,50279.33590,-170.00000,0.00000,0.00000,1.00000
86284.77340,50278.48440,-164.16400,0.00000,0.00000,1.00000
86096.80470,50359.08200,-163.12460,0.00000,0.00000,1.00000
86119.25780,50357.05860,-170.00000,0.00000,0.00000,1.00000
86157.22660,50353.64060,-170.00000,0.00000,0.00000,1.00000
86176.07030,50351.94140,-170.00000,0.00000,0.00000,1.00000
86213.49220,50348.57420,-170.00000,0.00000,0.00000,1.00000
86241.35940,50346.06250,-170.00000,0.00000,0.00000,1.00000
86260.21090,50344.36330,-170.00000,0.00000,0.00000,1.00000
86294.45310,50341.28130,-170.00000,0.00000,0.00000,1.00000
86311.71090,50339.72660,-170.00000,0.00000,0.00000,1.00000
86320.64840,50338.92190,-163.97930,0.00000,0.00000,1.00000
85890.78910,50316.29690,-168.97960,0.00000,0.00000,1.00000
85892.02340,50306.12500,-175.30640,0.00000,0.00000,1.00000
85893.70310,50296.64840,-175.59730,0.00000,0.00000,1.00000
85895.44530,50286.83200,-175.54720,0.00000,0.00000,1.00000
85897.07810,50279.05080,-175.50560,0.00000,0.00000,1.00000
85898.95310,50270.25390,-175.45840,0.00000,0.00000,1.00000
85898.46880,50260.75000,-175.42600,0.00000,0.00000,1.00000
85897.00000,50253.60550,-175.74910,0.00000,0.00000,1.00000
85895.37500,50244.42580,-176.06570,0.00000,0.00000,1.00000
85895.39840,50235.94530,-176.03330,0.00000,0.00000,1.00000
85895.42970,50226.78520,-175.99840,0.00000,0.00000,1.00000
85895.82810,50215.25780,-175.95190,0.00000,0.00000,1.00000
85896.15630,50206.78130,-175.91730,0.00000,0.00000,1.00000
85896.95310,50197.62890,-176.21600,0.00000,0.00000,1.00000
85897.64060,50190.17190,-176.52190,0.00000,0.00000,1.00000
85898.02340,50181.02340,-175.80600,0.00000,0.00000,1.00000
85898.07030,50171.52340,-176.44820,0.00000,0.00000,1.00000
85898.63280,50159.31640,-176.05850,0.00000,0.00000,1.00000
85899.50780,50148.81250,-175.67310,0.00000,0.00000,1.00000
85900.35940,50137.63280,-174.94600,0.00000,0.00000,1.00000
85901.25000,50125.42970,-175.57160,0.00000,0.00000,1.00000
85901.68750,50117.96880,-175.87940,0.00000,0.00000,1.00000
85902.26560,50108.14450,-174.82030,0.00000,0.00000,1.00000
85902.58590,50100.01170,-173.76950,0.00000,0.00000,1.00000
85902.81250,50093.23050,-173.06370,0.00000,0.00000,1.00000
85903.01560,50087.12890,-172.69990,0.00000,0.00000,1.00000
85903.20310,50077.63670,-171.30570,0.00000,0.00000,1.00000
85903.33590,50070.19530,-162.52750,0.00000,0.00000,1.00000
92432.92100,47336.30700,0.00000,0.00000,0.00000,1.00000
88949.18200,47336.30700,0.00000,0.00000,0.00000,1.00000
88949.18200,49238.52400,0.00000,0.00000,0.00000,1.00000
85465.44300,49238.52400,0.00000,0.00000,0.00000,1.00000
85465.44300,51140.74100,0.00000,0.00000,0.00000,1.00000
88949.18200,51140.74100,0.00000,0.00000,0.00000,1.00000
92432.92100,51140.74100,0.00000,0.00000,0.00000,1.00000
-0.000327406263794952274472083165
-0.004000488352533888326834077276
0.000678340685266278875346912525
0.001061338600211060752276370778
0.000337141032204655286853844931
-0.004301871538469214176214627798
0.000537028959253068195051072919
0.001060837846756142220996932402
-0.000001848857697571955566938047
0.000024219735926532993415928943
-0.000059593884349415139633793920
0.000005368418919121058631525184
0.000000849764397410010555598196
0.000003532237088476440893552609
0.000007683795984834550923947560
-0.000017179306595344855373031639
0.000001101438693621337648633732
0.000004977478316108799580904775
0.000015830845037478105110859139
-0.000050012603649776664371025964
0.000006006464180296289671651296
0.000013472951052559199619268644
-0.000035190641746555073664064206
0.000143553275910425433324960065
0.004166010786479767101508908667
0.019844235145065936692931884977
-0.001888166385596752594455693952
0.012057610404297194536815673871
-0.004182560002402460272441508948
0.019780191048413487547863454097
-0.001982173564330090304724807382
0.012224017066927106434093275311
-0.000530726701833293549107062326
-0.005872981412648092987283110489
0.000711887115943073633082815999
0.001829455336614986766044510524
0.000518238500001741582944025932
-0.005859372196262043787362561176
0.000735945326782704305375315545
0.001797106206157549719223953666
0.000001286941998162759501602229
-0.000000093260088740746476376025
0.000010022364613210183839392582
-0.000017485042291111418374721306
0.000000804522192136058390373918
-0.000001018811318491423388265236
-0.000016221038306212249554888113
-0.000018017170758422745743517271
0.000000416885387121024138344373
-0.000000371455840219058988834757
-0.000000220355619300122790716655
-0.000028666097599288825679801629
-0.000000159910426568584832657328
-0.000000103841600056462186500070
0.000024731716052489143833556517
-0.000026971820786165714859197728
-0.000002567852319906697050903507
-0.000001616125635836669500582661
0.000036347663212854395458142887
0.000015899781321583245828838252
0.000012071713004018546768294530
0.000025275413971556423819173412
-0.000146422586196486291835669458
0.000302883358301635533492424113
0.004769532504661209461327420200
0.021374628053107372349650461274
-0.002030539773845568395777005932
0.014165792149054941967412091230
-0.004769704221638296735841233698
0.021244212605828666912133328992
-0.002030413460819097300202873413
0.014346742755296593499481083711
-0.003623590310504888178239069063
-0.002269356391819679283350374988
0.018502366950626743247187988572
0.011469594586463533608666764962
0.003289157971931301518292434238
-0.002535942443140669789319874283
0.020035787035066584399478628598
0.011266185976341849123150140599
0.000385201506965082869898137075
-0.000203191432995990787406873079
0.001312418925295988142085135131
0.000268428090799610965817151298
0.000032538973231931831602871397
0.000112734439708537086404123440
-0.000568911235459954446429253760
0.000035420664361703708359480069
-0.000017945599542510464407228665
0.000137676262496316906833518368
-0.000605370142286495885146357931
0.000003526038390037349411882360
-0.000027077686474242537527758537
0.000117327840886778431259314381
-0.000458184041959087615114576408
-0.000003404661701213181329556514
-0.000867625491672424685798969968
0.000631377864418629581103048487
0.002783208899769420985315093731
0.000137489708529301769054237203
0.000440339498717227278198199647
0.000922813884377689979190972913
0.004757471325551151236643576681
0.000185971332741182967043802599
0.000443178691310565397217663408
0.000289489264392877416413180081
0.001568104628006528793518481457
0.000052733020387606545191505614
-0.000007617804788648302227781553
0.000009608310530668868730823536
-0.000433188630129190783372289397
-0.000001102337834450016786815431
-0.000015045265236278741887462722
0.000010331650220512493006498958
-0.000382585524656718254602610907
-0.000001355371710357015336640080
0.000026463553860726315617541912
0.000023427916815329134439397155
-0.000414549043428106059588217347
-0.000001368673005132833752814890
-0.000441303012948528682827392666
-0.000145503301019130065621989822
0.001519711688056330639584601272
0.000063672100880140961118996978
-0.000341913507706594543486544602
-0.000397760186047469788475638985
0.004469739056183022994639397751
0.000168431139070823922146771801
0.001650799939523658627776869778
-0.000056757444654631473372058403
-0.001517184857458267564084275492
0.000414428001896310308372478604
-0.001667922795991253880759641604
0.000169820476994559272114135307
-0.000693019025647339842639838015
0.000597517887765589331659776828
0.000957163564861758628561638762
0.000042475126232382703450433936
0.002232296235830389871668266721
0.000255132063545788134381608891
0.000115220792427182341954340627
0.000202130994949265382258987711
-0.003026989016343309846918119277
0.000097025825633464862275158469
0.000184188155057191349202663777
0.000367025027796709965143689969
-0.004591289977017199916420331363
0.000230099716681793521741092312
-0.000852946859279353551512581344
0.000068246812660378264564324524
-0.000790227262415829742776829381
0.000337410889614776061083689651
-0.000395214221743008463881563497
-0.000308460502271566336385255624
0.004818901970516269346600513046
0.000233528636041885004088342059
0.001827268886380923468282233557
0.000155010606627450524047304170
-0.002625662101782706790015220477
0.000596738673277989327588255453
0.000808626961610324468919530627
0.000624975106907321264863852672
-0.013101355239767669552675144473
0.001530719331318664607616275575
0.000321618782644429702065325127
0.000556555614267123738639342356
-0.015267128134166963598916666456
0.001816120223419951220170109885
-0.000627305845604510443382084706
0.000406561831867455940672795300
-0.012376348374346046038452229254
0.001357234973441760490092677927
0.000031048017822926604429838865
0.000320995757813032837717226453
-0.012334111814842426205207637224
0.002119852885668017418441255728
0.004146021180907297556950119599
0.000528500120562059574544355733
-0.029228679593511865120181170141
0.025787449211446357433263898429
-0.005771403473988813079276205542
0.000348645870908403140552705990
-0.021735410452712197737490384952
0.025149922721942451903087700771
0.000000000026894888732613044807
-0.000000461766094868096595928462
0.000000728067431508430235156991
-0.000022814454476685796293364619
0.000000001640005758471185082827
-0.000000764574919817123287058989
0.000000705919362800259601894537
-0.000008792070607128435458439177
-0.000000006343653081571817883270
0.000007814278581670285121459421
-0.000002062950775077385603967087
0.000015248008800321093361598672
-0.000000186879403384370020248763
-0.000044366132429326499120834926
-0.000073797062013716141362987266
-0.000002098612512371764642982522
-0.000000213002188405551180249618
-0.000051919690442467666513081531
0.000080557792551917182881891788
-0.000010370950740759463218386774
-0.000000005836798682666902527910
0.000008644611971072345624677799
0.000003624795230995407564121525
-0.000000915746672982255168582010
-0.000000000298443509135175201584
-0.000000149590149178837205449773
-0.000000154994084371611411368440
-0.000021167244401863434880017856
ENDSurf
Surf
87551.30470,49946.81250,-333.36830,0.00000,0.00000,1.00000
87551.89840,49953.27730,-327.49150,0.00000,0.00000,1.00000
87552.42970,49967.52340,-326.34660,0.00000,0.00000,1.00000
87551.73440,49984.44530,-325.88880,0.00000,0.00000,1.00000
87550.46880,50000.76950,-324.78250,0.00000,0.00000,1.00000
87551.50780,50015.62110,-324.28670,0.00000,0.00000,1.00000
87552.85940,50025.91020,-323.73870,0.00000,0.00000,1.00000
87552.03130,50043.48440,-323.93620,0.00000,0.00000,1.00000
87553.85940,50061.52730,-324.00000,0.00000,0.00000,1.00000
87551.14840,50077.92970,-324.31660,0.00000,0.00000,1.00000
87550.88280,50093.51170,-325.13460,0.00000,0.00000,1.00000
87551.46090,50110.98440,-325.31840,0.00000,0.00000,1.00000
87553.11720,50133.57030,-325.54770,0.00000,0.00000,1.00000
87555.52340,50165.83590,-325.22800,0.00000,0.00000,1.00000
87553.92190,50186.71880,-324.82100,0.00000,0.00000,1.00000
87555.76560,50207.33200,-326.32160,0.00000,0.00000,1.00000
87556.19530,50237.75780,-329.88230,0.00000,0.00000,1.00000
87556.81250,50255.21880,-330.71270,0.00000,0.00000,1.00000
87558.03910,50273.89060,-336.08040,0.00000,0.00000,1.00000
87558.34380,50277.05470,-345.93580,0.00000,0.00000,1.00000
87561.12500,50365.07420,-377.89100,0.00000,0.00000,1.00000
87560.94530,50379.07420,-371.58060,0.00000,0.00000,1.00000
87560.78130,50388.38670,-371.50230,0.00000,0.00000,1.00000
87560.58590,50397.68750,-371.42470,0.00000,0.00000,1.00000
87562.56250,50413.08980,-370.00000,0.00000,0.00000,1.00000
87562.89840,50424.41800,-370.00000,0.00000,0.00000,1.00000
87563.33590,50439.13280,-370.00000,0.00000,0.00000,1.00000
87563.76560,50453.72660,-370.00000,0.00000,0.00000,1.00000
87564.25000,50470.02340,-370.00000,0.00000,0.00000,1.00000
87563.14840,50486.42580,-371.40960,0.00000,0.00000,1.00000
87564.18750,50495.80860,-373.15800,0.00000,0.00000,1.00000
87564.92190,50502.34380,-379.44840,0.00000,0.00000,1.00000
87059.60160,50305.77340,-317.00700,0.00000,0.00000,1.00000
87077.04690,50305.33590,-309.40870,0.00000,0.00000,1.00000
87113.95310,50304.65630,-309.40820,0.00000,0.00000,1.00000
87139.35160,50304.08980,-308.80840,0.00000,0.00000,1.00000
87165.38280,50303.73440,-311.80610,0.00000,0.00000,1.00000
87193.18750,50303.08200,-315.40440,0.00000,0.00000,1.00000
87216.78910,50302.67580,-318.40250,0.00000,0.00000,1.00000
87233.10160,50302.25390,-323.20030,0.00000,0.00000,1.00000
87237.94530,50302.20700,-332.59740,0.00000,0.00000,1.00000
86282.89840,50031.30860,-258.28720,0.00000,0.00000,1.00000
86282.60160,50038.17190,-252.23150,0.00000,0.00000,1.00000
86283.06250,50050.27340,-252.06010,0.00000,0.00000,1.00000
86282.46880,50060.02730,-251.60340,0.00000,0.00000,1.00000
86282.65630,50066.60160,-251.65300,0.00000,0.00000,1.00000
86283.07030,50074.75390,-251.45220,0.00000,0.00000,1.00000
86283.35160,50085.53910,-251.53340,0.00000,0.00000,1.00000
86283.60160,50097.11330,-251.88340,0.00000,0.00000,1.00000
86287.52340,50105.73050,-252.00000,0.00000,0.00000,1.00000
86288.06250,50114.66800,-252.00000,0.00000,0.00000,1.00000
86286.11720,50121.54300,-251.81270,0.00000,0.00000,1.00000
86287.09380,50127.84380,-251.73740,0.00000,0.00000,1.00000
86287.84380,50134.93360,-251.65650,0.00000,0.00000,1.00000
86289.78130,50143.32030,-252.00000,0.00000,0.00000,1.00000
86288.19530,50151.24610,-251.81580,0.00000,0.00000,1.00000
86290.65630,50157.78130,-251.60000,0.00000,0.00000,1.00000
86289.23440,50168.07030,-251.48210,0.00000,0.00000,1.00000
86290.89060,50176.98830,-251.45560,0.00000,0.00000,1.00000
86292.31250,50185.38280,-251.40000,0.00000,0.00000,1.00000
86291.83590,50197.76170,-251.35060,0.00000,0.00000,1.00000
86292.82030,50209.58590,-251.70590,0.00000,0.00000,1.00000
86294.35160,50219.29690,-252.00000,0.00000,0.00000,1.00000
86293.61720,50230.09770,-251.86150,0.00000,0.00000,1.00000
86294.68750,50241.66410,-251.42570,0.00000,0.00000,1.00000
86295.92970,50253.48050,-251.51890,0.00000,0.00000,1.00000
86297.53910,50272.40230,-251.50000,0.00000,0.00000,1.00000
86297.71090,50284.50390,-255.49370,0.00000,0.00000,1.00000
86618.52340,50006.29300,-256.81830,0.00000,0.00000,1.00000
86618.40630,50012.68360,-252.00580,0.00000,0.00000,1.00000
86617.89060,50020.01950,-251.40330,0.00000,0.00000,1.00000
86617.23440,50025.99220,-251.00340,0.00000,0.00000,1.00000
86616.33590,50032.28130,-250.91700,0.00000,0.00000,1.00000
86615.73440,50040.34380,-250.94520,0.00000,0.00000,1.00000
86615.52340,50046.83590,-251.17970,0.00000,0.00000,1.00000
86615.29690,50053.33200,-251.41390,0.00000,0.00000,1.00000
86614.56250,50062.33200,-257.22520,0.00000,0.00000,1.00000
86601.87500,50226.33590,-283.89280,0.00000,0.00000,1.00000
86601.46090,50237.42580,-276.33670,0.00000,0.00000,1.00000
86600.53130,50245.45310,-274.47120,0.00000,0.00000,1.00000
86599.46090,50255.19530,-272.99730,0.00000,0.00000,1.00000
86598.65630,50263.78520,-272.28220,0.00000,0.00000,1.00000
86596.56250,50282.10940,-271.80800,0.00000,0.00000,1.00000
86593.87500,50303.09380,-272.48980,0.00000,0.00000,1.00000
86593.11720,50326.75000,-273.21240,0.00000,0.00000,1.00000
86592.56250,50339.91020,-274.05780,0.00000,0.00000,1.00000
86591.28910,50354.21090,-275.66560,0.00000,0.00000,1.00000
86592.37500,50366.99220,-276.14630,0.00000,0.00000,1.00000
86589.71880,50382.43750,-277.93610,0.00000,0.00000,1.00000
86588.16410,50393.48440,-280.66360,0.00000,0.00000,1.00000
86586.14840,50404.15630,-283.00140,0.00000,0.00000,1.00000
86586.16410,50409.28520,-290.47110,0.00000,0.00000,1.00000
86952.50780,50239.00780,-335.77040,0.00000,0.00000,1.00000
86952.86720,50248.32030,-329.20590,0.00000,0.00000,1.00000
86953.75780,50261.73440,-326.29060,0.00000,0.00000,1.00000
86953.57810,50277.37500,-324.49210,0.00000,0.00000,1.00000
86954.35160,50296.72660,-324.95060,0.00000,0.00000,1.00000
86959.05470,50316.81640,-324.70080,0.00000,0.00000,1.00000
86958.85160,50337.66800,-323.29590,0.00000,0.00000,1.00000
86958.32030,50370.42970,-323.05410,0.00000,0.00000,1.00000
86958.67970,50394.99610,-323.53060,0.00000,0.00000,1.00000
86958.75780,50401.32420,-323.92960,0.00000,0.00000,1.00000
86959.18750,50421.42190,-324.76060,0.00000,0.00000,1.00000
86959.17970,50429.24220,-323.67590,0.00000,0.00000,1.00000
86958.99220,50458.28520,-322.30500,0.00000,0.00000,1.00000
86959.42190,50483.59380,-323.52960,0.00000,0.00000,1.00000
86958.63280,50511.14060,-324.00870,0.00000,0.00000,1.00000
86958.42970,50538.30860,-325.98030,0.00000,0.00000,1.00000
86958.45310,50570.68750,-327.23070,0.00000,0.00000,1.00000
86958.27340,50586.32420,-326.54900,0.00000,0.00000,1.00000
86958.39840,50591.51560,-335.41100,0.00000,0.00000,1.00000
92432.92100,47336.30700,-700.00000,0.00000,0.00000,1.00000
88949.18200,47336.30700,-700.00000,0.00000,0.00000,1.00000
88949.18200,49238.52400,-700.00000,0.00000,0.00000,1.00000
85465.44300,49238.52400,-700.00000,0.00000,0.00000,1.00000
85465.44300,51140.74100,-700.00000,0.00000,0.00000,1.00000
88949.18200,51140.74100,-700.00000,0.00000,0.00000,1.00000
92432.92100,51140.74100,-700.00000,0.00000,0.00000,1.00000
0.008756931319987362044576784115
0.002556040820566026459947917004
0.028403224682231716785585362572
0.025677782196538798814566817441
-0.008349181987288213646625223419
0.002682093834132673500214583129
0.031204425881739054210450845517
0.025673335237717941070823002292
-0.000314510491875116967273873225
0.000085384504549431403976067489
0.003624043921274557478878763916
0.000666412882445532894250261879
0.000156829610187448459900083630
-0.000178682463568157596199570403
0.002839966785930726940467838659
0.000169291574952600058735427413
-0.000100208198738872350736298089
-0.000065810222759328285179261653
0.003159172020791418521862281565
0.000144551947105244957790526339
0.000338376811086967379041401394
0.000408220685198912194673048770
0.003626049134356968805387166910
0.000167073416083226688327867393
-0.000524619379071693888068328437
0.000328042260106704039283875840
0.002195114382854520835436362702
0.000112793330505178782943373483
0.000025572245208118219773375801
0.000016054230392701694467814943
-0.000415322540044897343253227362
0.000002771180429296191206401702
-0.000058162473125335272449917823
0.000068066975367255354973337889
-0.000661762706308538658193929560
0.000000773082438964507616789850
-0.000146380136226208256225445048
0.000128726158965324289284656856
-0.002241341640974740291591960073
0.000089590585536814551720699584
0.000180870165766566348003463460
0.000020475096662801325165604097
-0.001977242145029007615308902501
0.000094684137789327247041598623
0.000014683378720971067144386406
-0.000026016635303125055009689295
-0.000523439102590716955239191766
-0.000001216611778797770653337096
0.000029262036393466794495900676
-0.000006691923996520796143921191
-0.000070284212174798557128119203
-0.000002687512923399235504191796
0.000034945596965280849386520368
-0.000039091449132624777164715657
0.000614175690091249885070590064
0.000002642329707171569878415779
-0.000212000464873414858025732488
-0.000181469337019284136878344293
-0.001270989709226356392454682087
0.000081487440400803106809596299
0.000045016383729954913175529824
-0.000200062914947336871170427419
-0.003620839899327150772367911458
0.000244399485978449338991619344
-0.000031267917993859331473715385
-0.000098356187998591254584811183
-0.003244990053010874883621106335
0.000509896628633121277822393136
-0.000646139057030508463970452926
-0.000512739011377610237087110168
-0.008197185086686611943385116774
0.003387592441791989743976598604
-0.008129771562005217583335436871
-0.001836857290641388026214420037
-0.021362619826757422297758282070
0.045367834625294450878740804001
0.008888998925731087658030915577
-0.001478643426514858775708272098
-0.016755701256956658656838143884
0.044106977641373362741816777088
0.001780391671767567879358651339
-0.000222736352233322793892425495
0.010496121413698702648509275548
0.006089202647243998137160936324
-0.001641195585891593294175505591
-0.000181607255579454651781695640
0.012580909884725783448589098157
0.005677243880883155700833864188
-0.000001594917900248983954610916
-0.000019427321421350329436585416
0.000901304907419343457296301292
0.000054591900478959735053003516
0.000279656477616466918410115250
0.000346675719055334545341817698
0.003343047514386663504604157993
0.000274678227484547138152748413
-0.000375797818241600215145858943
0.000371866034182486207820134139
0.002894548924020611587598628134
0.000252430190149262269252300461
0.000000064918529985771318439934
-0.000003520313854831468775751424
0.000000183722735746487649920376
-0.000008582435170843311591126930
0.000000120133070590821147784457
-0.000003402698611107855021235945
0.000000157441958277354156764738
-0.000008571784211679538362325254
0.000000133969459769847438013752
-0.000000983368691269485451243509
-0.000000105305012845386400720437
0.000007744165726839573850250227
-0.000314622961147723555208610691
0.000116362893729553154662653691
-0.002578207025853599104053825997
0.000251944566161581198077135113
-0.001682148369197993854895489818
-0.000824993986860352761583681236
-0.011819587151737595900891086842
0.002367910842555771659678764962
-0.006357908429745027546753366465
-0.004125575232487077581566836670
-0.036666393290892454470686345758
0.027733004887823181627837243468
0.008354478382567174371553520018
-0.003142296512459858120330791209
-0.027428182379893327469400077234
0.026130909489454991201373701415
0.001093300911341991196040757117
0.009986237766432041335074032418
-0.000109617101280570753579247933
0.004307706815590697096984840186
-0.001101878744101542030239815340
0.009637628423342040756560678005
-0.000236517032705783664028181823
0.004071254261982437325229078340
0.000036347900443851686297629805
0.000467408561308463787672962120
0.000001091245475091500235584482
0.000044647871901088201883334161
-0.000203029576041871941474714625
-0.001707069268068375084146381937
0.000024577244579017925717612930
0.000197385858662902182771026194
0.000003839329376571595271597573
-0.004439501835678796339001994653
0.000087386396378521863023691729
0.000505951157800441802571411731
-0.000058768077133769624066737119
-0.004889690996246869210406504891
0.000109605668166258451621218606
0.000692950849534480859542862063
-0.000790687364773319718326549665
-0.010532496546506335544091115253
0.000241569041635904458624820035
0.003499399828720202096365987643
-0.006964189436877515036738994780
-0.027411397197990048507643123799
0.000362432045942078634708644058
0.039480593035463508455595871283
0.007975375129948791136369479204
-0.019893167013411074128814703954
0.000125118736929020969890491433
0.037204210133307366592525511351
0.007889946960988197116604325743
-0.001065043563849888547112598758
0.027206623010018297914580642782
0.023868441193352577661679347898
-0.007764014330998786177218118354
-0.001083385544758777444332431550
0.027842642689252173476832652455
0.023402430155536411982009070698
0.000360543771028040303458506166
-0.000227137588781473341624853046
0.003059272820012456407801071379
0.000828858623872673274009248434
-0.000661762799144247288243847471
-0.000103121529682864752994891910
0.001810284666380905863047878768
0.000031487382640519210002909289
0.000543632977777412261174982966
0.000061443427649370506698350836
0.000930519168751884197081369887
0.000052142689962432331029097005
-0.000433358960114816000111503946
0.000060130766724471519006980924
0.001155550694292837828405784428
0.000007064888393690289965752560
-0.000160474107223033913768861503
-0.000036283834705182832697841627
-0.001652712764682351485184819140
0.000024777481386767718021541668
0.000088312565339952509057067087
-0.000254350565393957051257139979
-0.001902133734543588142879011471
0.000044479148176941479841429994
0.000136941278036957513920823803
-0.000313174784781787346119030779
-0.000583201403622807582581566432
0.000010084030667367012494258297
0.000513111816698700435278313048
-0.000537236591032458506676794396
0.001761964816416901943169071032
0.000051156776723567221434093438
-0.000222243286042434238592227502
-0.000303488632494776421153620527
0.002680847347224653634545354919
0.000050756467182221612517972059
-0.000067594498846080468094921212
0.000210531732845258348629791101
0.001709121132655100089997590729
0.000018116210860692266774963841
-0.000759473872100365214772577094
-0.000440015143595690332196934680
-0.001458350698272956134232680725
0.000091225094076838490818152916
0.000886094870605442803263018803
-0.000802928690618186289944258061
-0.000858381806198233246463225043
0.000134652815168442673140689059
0.000283220006525017114692999165
0.000539977192142867450444509991
0.003443364275580287729716655321
0.000102306993288643670531393171
-0.000527074790362660723988530442
0.000611219000786043516020018540
0.002623830827089963096954150501
0.000069239206976427403639369473
-0.000070305808260911554206408491
0.000026453939622564006251947272
0.000704375929451830093755426709
0.000005481152767813335866789373
0.000054294017611125955694549583
0.000082401180519519660557827001
0.000538857390536449758211556826
0.000003347861553385518507494232
-0.000064297966569024875846741218
0.000014949578404847858797217970
0.000541513974895385208178921754
0.000002990596209922786827018490
-0.000238378792427237760518862753
-0.000094447906660986778964832211
-0.001095468325162524993177104449
0.000032490950097145308503310268
-0.000096674142335094587186704318
-0.000334107600910694567310915692
-0.002757589949283070947239071558
0.000083270353403212246439987765
0.000417967356201523997094593454
-0.000323694432393308950766247500
-0.000909476784257839650574273271
0.000060133215325835790376028667
0.000168435910197274710557377442
0.000131409280438948757605346906
0.002193367085812175393960687941
0.000074560253193260470181043253
-0.000333063550839103096352228350
0.000110883734328738457102295212
0.001276866670726129566679207805
0.000053983852767634421987615057
0.000057952510034245974268087009
-0.000040261784220794049769711481
-0.000302981733043562121831387968
0.000025038382101713743877651266
-0.001931847243543013221619975006
-0.000188561533902819212105833602
-0.011655723608183968242890671263
0.003793302614033159953638163486
0.001928301039896026473213774821
-0.000188197942613659843433260299
-0.011804255301464476254902358221
0.003930612114541947102464014563
0.009399814629063675541775779720
-0.000621993592808112324109293123
0.030078323510225182108035468787
0.022675929808222416994567538495
-0.007875283111188281087722273810
-0.000986561077254932651189878179
0.035691319948471959822011712049
0.022604906367467647587687906707
0.000306207770710036227511385842
-0.000979539157955499565494372760
0.010976787795889354423795047921
0.001271348700353987963909685455
-0.001494409060730095576904896681
-0.000765104739037653623114076940
0.006527561703554441568941868468
0.000360381755958690073310402013
-0.000390117961851001561826568498
-0.000108435796455739794194768344
0.000847531772603252317108135649
0.000037216737855424116584827920
-0.000801080551369670644870635279
0.000117983686378685657426823585
-0.002987071141382447413137324332
0.000120137302997011167051202851
-0.000014235424334684884239022457
0.000205409353763012818760644307
-0.005543112116563959218540347251
0.000545338170165267539790665552
-0.003824759622093695191763496055
0.001775712077384513330746695914
-0.024015009705375237741842298078
0.013278789676369452676940596803
0.004687551019670700702679511096
0.001665888063523436645255171307
-0.021572753825351165951618170880
0.013808083885345687896739619305
0.003128459956123568440344850927
-0.000738949230397927979072103533
0.016862827174326574380947008081
0.011885879567674928133924616702
0.000149816553122072277075965685
-0.002198641571090838124635791218
0.030455389393795540692311263342
0.014792495839109033248237601299
-0.001758473590438457004672678785
-0.002325684246480650297500547552
0.020492896413720346204812017277
0.004219280629416216794880245544
-0.000412046215797761880821753477
-0.001260477288275874390571784645
0.012107670103267444139394370950
0.001515607826969782344697645904
-0.001026835963872117785111726107
-0.000542858462213045844801939666
0.005423611385427650789792242136
0.000411319574758106231305437861
-0.000147425015994811668337827193
-0.000009013095670100901857517590
-0.000065700964486295921219288774
0.000033290852962698323899617264
0.000017730705179182487918028779
0.000099105585687264062229664963
-0.001399231232242532192364126153
0.000045997316936040495444909526
-0.000313162755497860419671984911
0.000100091530415564593540708738
-0.003064735605639817232065391650
0.000157890433342602383047156844
-0.000165566132952335820201564265
0.000417929335504293281936677440
-0.006236634013971939505260877468
0.000551303191614937733271151199
0.000305995015331671628509152550
0.000255227043454556753575984684
-0.005265458663398232819208288902
0.000522786129951343758563708786
-0.000228166296075290990236911215
0.000421043982456568641192795610
-0.004980779676809965993145024044
0.000437040074670983077435165720
-0.001342898106206897798631239027
0.002036716150686492844690267390
-0.013497580975935582689451130989
0.002695183449299974696306003707
0.000031805014920834463309357032
0.002894446226787672146740781898
-0.019010804773686371116347970656
0.005679999747511023377999350714
-0.008301022173279349117280823123
0.001739125595779572163585013911
-0.035163433829382216566639129951
0.039022971932671263184388976697
0.010067449740150030690344351569
-0.000038456108687311957154177089
-0.026244105942385898694313439705
0.037304852183947689869825126152
0.004434649729222374901771441813
0.000748909737970434512092932078
0.020520985401472603693040497319
0.014539948727342948478491457820
-0.003310425950899147703315739122
0.001298232820179924052253483957
0.028142113013755458428288847017
0.016188827147893533608957739034
-0.000659945508330835538778058602
0.000516961859708122643125571827
0.011105812885619525259839335263
0.002124461769183604627903028117
-0.000522779001012645388318800244
-0.000027337051944329970708117208
0.002993515645491457571880644650
0.000441030103985103158915209720
0.000092295453019313058269298966
0.000027022387711304077874451338
-0.000320681052512013144845104406
0.000038288586211381503334599818
0.000128804594064810929527828409
0.000232317430243070857610529489
0.001868799415315580084856472709
0.000108629210235613687224841273
-0.000145814390267475451181192203
0.000033491459335722644299632861
0.001717812777820559464944660810
0.000105105303441655297588125384
-0.000038626834577224337962698952
-0.000001067009306414111860898957
-0.000283029166697058192411068367
0.000008702201102428555747709746
-0.001532663960065112343164606123
-0.000063604594401842968380902943
-0.005346257294568842501070182749
0.000318609442001870568021010266
0.001462930749381410747492204827
-0.000084973775997915936930397762
-0.005976352869104898171692674680
0.000356474422473073142714899975
0.002306183323680004518263508828
-0.000024908866273800681203970039
0.007592262284863158031122942759
0.001248484814260566316823641841
-0.002148215189638700770013990393
-0.000016608587570125909874986514
0.009429010111870398183619990107
0.001228575797019018254682687363
-0.000130934208722260290698805041
-0.000032308446942736336691265331
-0.000142733665329473972645593638
0.000066037504071479873903570412
0.000052480720609988352977261922
-0.000010410334412776597905929757
-0.001267707026420238037786591967
0.000035457754475764859439755605
-0.000074642321911220886479845782
0.000005710254227993927376354297
-0.001644891107147516658495978170
0.000023061867014584430072166726
0.000063367868436762353869309838
0.000006571806420202508967692238
-0.001917418328022646098474091048
-0.000146041992135397783077188638
0.000085394632389499194879967092
-0.000057787290039201071858900732
0.000044602701653455440985226316
0.002228770899162219217004565763
-0.008261731701993232229730423910
-0.000525403952894289540467842592
-0.020646719944595815637855551472
0.035073465496781315586805050089
0.008210410923460940979534683493
-0.000534308908631124816410173928
-0.021757799961898669632853753342
0.035924031562875581580218664612
0.000000000473844291721859237618
0.000000918808284044604519001068
-0.000001729709491704261469356848
-0.000025857604538450146058675347
-0.000000003538200079939491725688
-0.000000050786249889864384759054
0.000000397860847355197065025356
-0.000009237745627715862381371982
0.000000079552296948492748983606
-0.000058238588134920038291101468
0.000021571889803188826987417892
0.000032811749370547285535072712
0.000000221514089242533444595968
0.000098079260314554790774199677
0.000073034750405281023862003043
0.000035312171662045685959722269
0.000000212454759301493414980265
0.000095947917445417658889247892
-0.000067276796962844809452987394
0.000025328115463866778651023937
0.000000076158848496169750347789
-0.000058808680942712525396582485
-0.000020930339789466530052560941
0.000012508261310900326354492509
0.000000000808881635752707212040
0.000000425566739827111097473934
0.000000375864043527302977656967
-0.000024773998711022567900067598
ENDSurf
Surf
87558.34380,50277.05470,-337.93580,0.00000,0.00000,1.00000
87557.89060,50263.42970,-345.02800,0.00000,0.00000,1.00000
87556.54690,50250.55470,-344.90080,0.00000,0.00000,1.00000
87556.16410,50235.00390,-345.38320,0.00000,0.00000,1.00000
87555.60160,50202.62890,-343.09680,0.00000,0.00000,1.00000
87554.28130,50179.37110,-342.85720,0.00000,0.00000,1.00000
87553.24220,50147.66020,-342.52360,0.00000,0.00000,1.00000
87551.72660,50129.61330,-341.69490,0.00000,0.00000,1.00000
87551.14060,50106.95310,-341.45520,0.00000,0.00000,1.00000
87550.47660,50088.18750,-341.25820,0.00000,0.00000,1.00000
87551.34380,50068.66800,-340.39220,0.00000,0.00000,1.00000
87551.92190,50048.51560,-340.16910,0.00000,0.00000,1.00000
87551.75000,50035.55080,-340.67750,0.00000,0.00000,1.00000
87552.59380,50021.86330,-340.52190,0.00000,0.00000,1.00000
87550.76560,50008.37500,-340.39250,0.00000,0.00000,1.00000
87550.92970,49990.87890,-338.96630,0.00000,0.00000,1.00000
87551.60940,49981.12500,-338.26630,0.00000,0.00000,1.00000
87553.10940,49962.85160,-335.05520,0.00000,0.00000,1.00000
87551.95310,49953.88280,-331.38020,0.00000,0.00000,1.00000
87551.30470,49946.81250,-325.36830,0.00000,0.00000,1.00000
87564.92190,50502.34380,-371.44840,0.00000,0.00000,1.00000
87563.97660,50493.87890,-378.48660,0.00000,0.00000,1.00000
87562.70310,50482.44140,-378.40510,0.00000,0.00000,1.00000
87561.98440,50470.94530,-378.28940,0.00000,0.00000,1.00000
87561.55470,50454.69920,-377.66140,0.00000,0.00000,1.00000
87561.46090,50440.99220,-378.06990,0.00000,0.00000,1.00000
87560.99220,50429.11720,-377.66600,0.00000,0.00000,1.00000
87560.67970,50417.41800,-376.97580,0.00000,0.00000,1.00000
87560.63280,50395.53910,-377.46000,0.00000,0.00000,1.00000
87560.88280,50383.48830,-376.74220,0.00000,0.00000,1.00000
87561.03130,50372.50390,-375.74390,0.00000,0.00000,1.00000
87561.12500,50365.07420,-369.89100,0.00000,0.00000,1.00000
87237.94530,50302.20700,-324.59740,0.00000,0.00000,1.00000
87231.28130,50302.26950,-330.39680,0.00000,0.00000,1.00000
87219.80470,50302.57420,-329.79700,0.00000,0.00000,1.00000
87204.09380,50302.99220,-327.39790,0.00000,0.00000,1.00000
87177.46090,50303.40630,-326.79890,0.00000,0.00000,1.00000
87155.08590,50303.89840,-327.39860,0.00000,0.00000,1.00000
87132.09380,50304.30860,-326.19960,0.00000,0.00000,1.00000
87103.66410,50304.86720,-325.00050,0.00000,0.00000,1.00000
87084.29690,50305.15230,-323.20190,0.00000,0.00000,1.00000
87074.00780,50305.34380,-320.80330,0.00000,0.00000,1.00000
87066.75000,50305.47270,-317.80490,0.00000,0.00000,1.00000
87059.60160,50305.77340,-309.00700,0.00000,0.00000,1.00000
86297.71090,50284.50390,-247.49370,0.00000,0.00000,1.00000
86297.07030,50276.06640,-255.11250,0.00000,0.00000,1.00000
86296.23440,50260.28910,-256.71810,0.00000,0.00000,1.00000
86295.92190,50251.34380,-257.71350,0.00000,0.00000,1.00000
86295.19530,50244.77730,-257.92470,0.00000,0.00000,1.00000
86293.89840,50234.53910,-257.57990,0.00000,0.00000,1.00000
86293.42970,50226.65230,-257.78250,0.00000,0.00000,1.00000
86293.00780,50216.91410,-258.76100,0.00000,0.00000,1.00000
86292.74220,50208.50390,-258.64490,0.00000,0.00000,1.00000
86292.14060,50201.40630,-258.11590,0.00000,0.00000,1.00000
86291.62500,50195.36330,-258.06880,0.00000,0.00000,1.00000
86291.42970,50186.16020,-258.00330,0.00000,0.00000,1.00000
86291.00780,50177.47660,-257.93340,0.00000,0.00000,1.00000
86289.22660,50168.56640,-257.85940,0.00000,0.00000,1.00000
86289.35940,50160.93360,-257.54020,0.00000,0.00000,1.00000
86288.22660,50151.48050,-257.46510,0.00000,0.00000,1.00000
86288.14060,50142.26560,-257.92270,0.00000,0.00000,1.00000
86287.51560,50131.48830,-257.84000,0.00000,0.00000,1.00000
86285.78910,50119.41020,-257.80590,0.00000,0.00000,1.00000
86284.42970,50110.23050,-257.70540,0.00000,0.00000,1.00000
86283.88280,50102.60160,-257.63590,0.00000,0.00000,1.00000
86283.42970,50091.81640,-257.84340,0.00000,0.00000,1.00000
86283.34380,50084.44530,-257.31470,0.00000,0.00000,1.00000
86283.25780,50078.12890,-257.26750,0.00000,0.00000,1.00000
86282.69530,50067.87500,-257.45210,0.00000,0.00000,1.00000
86282.51560,50061.55470,-256.93080,0.00000,0.00000,1.00000
86282.96090,50051.81250,-256.59740,0.00000,0.00000,1.00000
86282.78910,50043.12890,-256.79540,0.00000,0.00000,1.00000
86282.67970,50036.28910,-256.21790,0.00000,0.00000,1.00000
86282.89840,50031.30860,-250.28720,0.00000,0.00000,1.00000
86614.56250,50062.33200,-249.22520,0.00000,0.00000,1.00000
86615.05470,50056.75780,-258.33800,0.00000,0.00000,1.00000
86615.50780,50047.33590,-257.67470,0.00000,0.00000,1.00000
86615.75780,50039.69140,-257.33110,0.00000,0.00000,1.00000
86616.47660,50031.30860,-257.30260,0.00000,0.00000,1.00000
86617.42970,50024.60550,-256.96890,0.00000,0.00000,1.00000
86618.04690,50018.32030,-256.73870,0.00000,0.00000,1.00000
86618.42190,50011.72270,-256.92420,0.00000,0.00000,1.00000
86618.52340,50006.29300,-248.81830,0.00000,0.00000,1.00000
86586.16410,50409.28520,-282.47110,0.00000,0.00000,1.00000
86586.16410,50408.28910,-292.76200,0.00000,0.00000,1.00000
86586.52340,50401.20310,-296.34450,0.00000,0.00000,1.00000
86588.59380,50390.50780,-297.63310,0.00000,0.00000,1.00000
86590.14060,50377.33980,-297.94460,0.00000,0.00000,1.00000
86592.03910,50358.46090,-296.31350,0.00000,0.00000,1.00000
86592.11720,50346.05080,-297.18500,0.00000,0.00000,1.00000
86592.58590,50339.37500,-296.76410,0.00000,0.00000,1.00000
86593.06250,50328.12110,-296.50310,0.00000,0.00000,1.00000
86594.21090,50312.66800,-295.84030,0.00000,0.00000,1.00000
86595.24220,50296.07030,-295.16830,0.00000,0.00000,1.00000
86596.81250,50279.10160,-292.97370,0.00000,0.00000,1.00000
86598.85940,50261.55860,-291.16250,0.00000,0.00000,1.00000
86600.15630,50248.78130,-290.13780,0.00000,0.00000,1.00000
86601.47660,50237.34380,-288.54980,0.00000,0.00000,1.00000
86601.81250,50231.25390,-285.84120,0.00000,0.00000,1.00000
86601.87500,50226.33590,-275.89280,0.00000,0.00000,1.00000
86958.39840,50591.51560,-327.41100,0.00000,0.00000,1.00000
86958.23440,50550.17190,-337.94010,0.00000,0.00000,1.00000
86958.82030,50520.38670,-337.82230,0.00000,0.00000,1.00000
86958.92190,50496.93750,-337.72660,0.00000,0.00000,1.00000
86958.91410,50469.00780,-339.47280,0.00000,0.00000,1.00000
86959.35160,50444.43750,-340.11980,0.00000,0.00000,1.00000
86959.25780,50418.37110,-341.50070,0.00000,0.00000,1.00000
86958.35940,50389.33980,-341.37360,0.00000,0.00000,1.00000
86957.69530,50365.51560,-341.64200,0.00000,0.00000,1.00000
86958.00000,50344.28520,-344.16300,0.00000,0.00000,1.00000
86954.75000,50323.07810,-344.04820,0.00000,0.00000,1.00000
86956.35940,50302.96880,-344.72350,0.00000,0.00000,1.00000
86951.89060,50284.74220,-344.61070,0.00000,0.00000,1.00000
86953.34380,50278.41410,-343.48010,0.00000,0.00000,1.00000
86953.85940,50267.98830,-343.44160,0.00000,0.00000,1.00000
86953.35160,50252.73830,-340.76850,0.00000,0.00000,1.00000
86952.63280,50244.19530,-337.00460,0.00000,0.00000,1.00000
86952.53910,50240.12110,-332.51970,0.00000,0.00000,1.00000
86952.50780,50239.00780,-327.77040,0.00000,0.00000,1.00000
92432.92100,47336.30700,0.00000,0.00000,0.00000,1.00000
88949.18200,47336.30700,0.00000,0.00000,0.00000,1.00000
88949.18200,49238.52400,0.00000,0.00000,0.00000,1.00000
85465.44300,49238.52400,0.00000,0.00000,0.00000,1.00000
85465.44300,51140.74100,0.00000,0.00000,0.00000,1.00000
88949.18200,51140.74100,0.00000,0.00000,0.00000,1.00000
92432.92100,51140.74100,0.00000,0.00000,0.00000,1.00000
-0.001990917155888055102563871657
0.000371803569188244203199550375
0.011649945760891207771625666112
0.007453333162593011457230929295
0.002009410170279926546171855861
0.000415312291979586271570279443
0.012893424115059354956303039330
0.006993607258514270529070611104
-0.000184579105897577825474639712
-0.000051839285944833250893096915
0.000628553428060541668001559579
0.000131185909982317497161907749
0.000194806633656339968797138740
0.000001909034661732804316402546
-0.000087298682504414966453268332
0.000070383718949887545744507900
-0.000047936302069206118074261996
-0.000032423014579623001939906457
-0.001302449939608413221822647010
0.000081300528712447775740897182
-0.000008462945501322742945684956
-0.000027331964974038839427672443
-0.000385638955368686447543885576
-0.000003242987409409715423549894
0.000128654131617125149292246711
-0.000108632669932425627982476579
-0.001420844038290787524417280174
0.000050727698335028398573393060
-0.000118487374276921486517671900
-0.000119569829221230641098580594
-0.001487571775071646219129606337
0.000061477423923494026809961899
0.000009177314933237568238722122
-0.000015247144660526997536707100
-0.000512325495553330140068026832
0.000002917279894705211382312628
0.000086004185487656930166402991
0.000032425814846103137600343003
-0.001409151265023545190196996302
0.000044968002422803447283052025
-0.000088554310431343980511767477
0.000061166380709283207591821230
-0.001403865777234865027181531794
0.000056232853400342241415206523
-0.000259924178086688001908244328
0.000033753845305648205298715281
0.001234027318969586157690332406
0.000071550229793116072079042778
0.000293016868427200323932863002
0.000036798496125517102120841550
0.001095447415311493139303267164
0.000055277772563976502843974270
-0.000008962474520201911540383082
0.000006099601000586255470628429
-0.000760292929524555936154905922
0.000011644914979108003804547135
0.000212227699649959007308086534
-0.000038770790115048857393028475
-0.002651956118301559105210341016
0.000178813479222813826851473662
0.000479765633478915806253012333
0.000261051308528520648391535453
-0.005929502183239086787747140761
0.000475876540191061880510914328
-0.000244418538965842215091722744
0.000601811860812829927183664758
-0.008175084915387166237255023304
0.001084066971530627280714820238
0.003454410175405037489171355958
-0.001872032901667056159489277434
-0.022269001217159190009198255211
0.008066706853526417822508598476
0.003514395018929323405432185723
-0.004711568862511505105528097914
-0.044126263519765909770775635934
0.029682059257801613610938673560
-0.007467747389051176097607420701
-0.002372564981951809977983591793
-0.026462852942582264226256683060
0.022429979122174752148577425714
-0.005220380197987242211488112531
0.002489305764934716513198109666
0.022154516385239051562416889851
0.018394272849258555546647642132
0.005247792859636815111790131283
0.002449020794700309134467319794
0.021976233424760134582687243210
0.017807487943600666668864107578
0.000049654053208043198686886394
-0.000078383577391037323792676028
-0.000657715893305439074437157565
0.000616118890512135954085071177
0.000069735663598453730073652157
-0.000059715018419102878946373714
-0.001621156794687242126001835985
0.000028133551027718760605177487
-0.000304898163947168348349853195
-0.000025920092195524065191263030
-0.000100344752098006784603138886
0.000090779590631635579084206256
0.000398691896416762496524466286
-0.000044236185111620776014458578
-0.000340640766189746974426655335
0.000026419063011297804714067050
0.000188113794533422622017038162
-0.000130778273232881240119643285
-0.003933118513879052362269828080
0.000166748660192191913362314004
-0.000474875882846478630707615087
-0.000076695283015451958777593255
-0.001999524248818774965069655636
0.000182820087775700486961566460
0.000453625128904545601472853011
0.000035949222801259054517995783
-0.001952503589570121420027071224
0.000112046710303513873422873171
0.000351241244229172876190059327
0.000105161122954569504492697285
-0.006553941603598967442778633341
0.000862985218738994614741388833
0.006161784589094810270226698634
0.000366155396064824878270271835
-0.029898652528454933846591146107
0.020323885910451804093224126291
-0.006881197460898062258360941001
0.000259424216459790048933120588
-0.027422364268208352516831283197
0.020865251226436686698972877707
-0.008415388570497246006896219228
0.027897282324927323571284176751
-0.000315691624531630888727401496
0.024451738167618190800123301187
0.008766961940384237692014401944
0.026024781484475754955720816497
-0.000245905729874046818841243356
0.023796986831567525783048822063
0.000246422206974048949544575660
-0.006777216982910198514455935026
0.000199058431581395083205532348
0.001565450896044337167345439354
-0.000567366777442559469188387844
-0.005096448709213828240360832922
0.000140501881851673324436494128
0.000786500252720231550138119125
-0.000085285687743474251996250723
0.000175272301770943735423416432
-0.000000246423979545859252447579
-0.000041324950088085305648175766
0.000151720427290567204349144848
-0.000531097874937652616317285137
0.000012126896953714724021120008
0.000014857839737508455148825431
-0.000046437606480114151756566354
-0.001868470196274272555891915459
0.000043009666433219869157052184
0.000076769226554976977656627457
0.000192679618639951809625984747
-0.003105840304600526562139872766
0.000057935755514855640023290373
0.000277369444101503530557967236
0.001791387880379112030118649024
-0.012812463454033199555803790304
0.000235015244757599562610769772
0.002736778623199360212930875136
0.004165337555719418258237674024
-0.032862035917727364098261944036
0.000601016240317619760552547703
0.011906514308104944321886620173
-0.000167572243262373380681337642
-0.043835298072821299308898801428
0.001284568028479036007685754051
0.036013862740889565627888657673
-0.006062256923686198083200959985
-0.020546537796023434802039631109
0.000731245995404001787945635904
0.026634758255237457602593309502
-0.005165352837294725531214201197
0.001484048751310117165644331116
0.021779234769267286769833802396
0.019680419118119064220140401744
0.004752446334968952329491642672
0.001758478685427708465560669993
0.025043648700859292427489677380
0.019751111773319993125674898238
-0.000950353184545836213170666440
0.000383633180407612762834179687
0.009270296357068203915718918040
0.001376435665600930779994826025
0.000630889461019596016998212118
0.000476413870564133931553157941
0.008500943124741457135318256633
0.000698509444730877494117438076
0.001044296942527923443416737470
0.000048166372836157196916581635
0.000799763324143318733022711697
0.000107991345881888902271186770
-0.000723563923715421193974539626
-0.000114903185070124516241503454
0.000016706486376327761697244134
0.000132054137356243559645735397
-0.000630628979062410944568528581
0.000313948600950180226575036979
0.006685236292998191463821111569
0.000572987498581284176654704332
0.001235689048526094919316919984
0.000183633259272754140092182018
0.004251610684946557222607665949
0.000469874552360423683970702680
0.001256803293180607525650338552
-0.000469676799247261778178647029
-0.005971571143179891724694918764
0.000377362999038967448367509760
-0.001240638814444584110338598570
-0.000491777379675842622915038493
-0.005788869674829669013937927247
0.000410075306325635572431836939
-0.000127156923791601415537136366
-0.000065800270942584381428548668
-0.001024189340268546197579291324
0.000003195892797470138643338477
0.000022352372346254417272972889
-0.000036093699528369916750686341
-0.000848087439464488535532937785
0.000004431484680975659304542381
-0.000007814457845192270305737653
-0.000111920458053926466382779759
-0.000901410694809858577952743630
0.000009812623873429886548706153
0.000617053431367417483041637460
-0.000044271329723671201086983296
-0.003170801501751696182401785151
0.000098426219987386050756274225
-0.000628714111912349556988977017
-0.000004064309304486534949612826
-0.003142084706601179760337982927
0.000128056116257029510953693863
-0.000669613047994359355565008318
-0.000025126078281295091210525983
0.002272717727817474744206327486
0.000145860038156381553774501580
0.000648296269275655404409897109
0.000000895583610163611609328001
0.002330531205423568182066862420
0.000116944221073039212265530506
-0.000046979555606010660806157175
-0.000034429466380185622228961989
-0.000467883781603075927634644016
0.000000399520532218372072839690
0.000106965559810770998285314737
-0.000099827297576485945519719767
-0.000690877925442319571099070163
-0.000003615821277124340374896101
0.000029529312821873563018552217
-0.000131543034023175631642282868
-0.001169314015696267059635227170
0.000002293271978664297787138884
-0.000320290730275660240344848262
-0.000006456390989466843856499356
0.000296774691921552146410545614
0.000023703469234671771802584403
0.001474818010698077976050601734
-0.000025145758366574095041138040
-0.003939919673465578503490647222
0.000302917460416738954908505432
-0.001122890112518394861024217946
-0.000063385282088564791065470050
-0.005418095168666550720537600228
0.000364868533537306583437037633
-0.000358034661396907532594779955
0.000051060052709275287785746500
0.000281999075072067223370758660
0.000020252953244831849996055242
0.002212121254025507712664966320
-0.000138601122821704788841759570
-0.005584065238062660765927525119
0.000408765165221847278590600050
-0.001684900685975846031106062384
-0.000147174101895036486646606289
-0.008200323039015931791961833142
0.000558628608294463768930981917
-0.000656291864657763067934792556
0.000149858888180385115473577939
-0.000461896475185099328157611875
0.000456643316921948819869792047
0.002221790367829506833430297519
0.000011750238601982871951105725
-0.004880871086257145691211789540
0.002047494076670178415888745604
0.010863397354771526723271612980
0.001209887473285367913075627477
-0.038468407134872768804445541946
0.037133975530405795295596504957
-0.012784739398585874201041967524
0.001341043688189078519554242597
-0.032151481751005260567577437314
0.037645897524419477675472478495
-0.007501234093828398029335513542
-0.001868674273637655793012246619
0.020843454405997278305884279348
0.033849497104114889545201094734
0.008005950597660226389362669863
-0.001686547464807321150548347077
0.018303590310794221746037990783
0.031529368696785027570417270226
0.000265453871487731556198103045
0.000186128660038571220247324844
-0.005812176220203153949317442795
0.003746883975065927636916018884
-0.000725798487839482940608970551
0.000053629928286167014505562284
-0.003116065759450579140954484814
0.000244878720379576760024509241
0.001017571990040774939853540637
0.000475595875682586870236701060
-0.003810332649648070189873916291
-0.000221804220939444209125326890
-0.000159371736983361655948243651
0.000792530585505498092260823206
-0.006463462365437634693510204897
0.000379174528014922229950806054
-0.001211620334513388184613513765
0.000167202961912206736786942751
-0.001224127338763105442287493219
0.003878178397715380514715333149
0.009080983627280093256617377051
0.000420529276326000599380006140
-0.022983388140375576175200578177
0.032237859384987084532259160596
-0.008778459827567365938993937391
0.000420923852512986658609694945
-0.024114909429331570639432058556
0.035231710665415930106014741341
-0.009515128792376913516304348661
-0.000397695130842439740354032907
0.007518963560645562128892382958
0.048081238665761631689843369486
0.002017175501245473036998623328
-0.001376192765000692173893437342
0.031212923117938551342831488000
0.059723698491582086211870716852
0.006426020099134756129177770134
-0.002555070655346452015987956941
0.029844861372928053327990838284
0.015751221501501738719852596660
0.000942455734736632674830580925
-0.000855245288290102973101369788
0.006168331183605003584236037284
0.002507440543217892212068953484
0.000370130005245787564120002466
0.000084704291835215424948460350
-0.001340664835283618405714634036
0.000411538506063360409042983790
-0.000692256311091213154262913321
0.000204831277448578263043754699
0.000592524662198849337742256882
0.000680604656840358597513773731
0.001849219526751604610742552026
0.000259092941442894066257640606
-0.001849175780152917088552944058
0.000254525232911954120851999450
-0.001214279872283115062348013424
0.000361866896650835144846891644
-0.005685742728947400410899337686
0.000341616231770407435125447293
-0.000005115390353776571901107170
0.000114712707169464949471908433
-0.002402888781595403141361222410
0.000030530005556466786474558578
-0.000032257809291606358336260141
0.000156746521508911067568914355
-0.002584833793996835216155716353
0.000082221817216485777648354860
0.000286764472829304580166198679
0.000386681421800576772835472683
-0.004893176120864511924324347092
0.000403200553521357752274206776
-0.000110091165471389208644140134
0.000640111484040460664880767272
-0.006513083483894194919416875678
0.000755333367204697055628803692
0.000156029787624390749688207958
0.000619824830232463121031105668
-0.005895003513933200905983156304
0.000705640448798615024794678163
0.000563086393173923725405383145
0.000892909361477762001345348519
-0.008829643063910158282125983931
0.001788432204434904941245387811
0.008153985795536116895632083867
0.002205313373831370785116412492
-0.033375288166392139133087368918
0.013669780689856254884961828111
-0.001883099892050035676152597297
0.001766651640323090282497231485
-0.046210613947576459348276500805
0.047910855563727788863914724971
-0.007306375887994374582201650981
0.000259039283172418101884593167
-0.018953215320191330733878842807
0.036210881117600270118206395864
-0.000135727593290625215844552587
-0.000052877709553880910544557820
0.002797863395891113987706821931
0.000746356759262639516717963151
0.000140032062960919765964504236
-0.000018888781987900478485497419
0.002742707245150993733417976728
0.000652968096239791282765774216
0.000002990131344350100481689712
-0.000010494518334989138684965743
-0.000153384054710343223837040738
0.000000463231174626222015894685
-0.000087097990109069787730868006
-0.000008045042760772351905134217
0.001025069352542710065731568214
0.000089107286294236350411394898
0.000036172603966773165000067602
-0.000030604190319998537624969492
0.001648264245999587433028077399
0.000068781907344830486091165345
-0.000033989949893173920499132162
0.000003175347883647021428093950
0.001545955620377361360018309000
0.000083830486532301238416543809
0.000083293427736182292604391608
0.000040107823145210353364947115
0.000934654526857611940050818422
0.000042930091752054153086438915
-0.000023618282944671961035964375
0.000096695063064673459881162576
0.000156727499671689880517827520
0.000037445051477465381986001886
-0.000235420995513882909616967809
0.000105947059088554477665478082
0.002962874535377667435664950091
0.000448533756769082657834407657
0.000276181157760426484841509431
0.000330455331487599854312087189
0.002579412020580736444874681013
0.000352458966324780927689003240
-0.000092256982690105591125850903
-0.000100261605794328256119340992
0.000699794241862707706511304018
0.000084288576358673152847528209
0.000110156946047543005391504412
0.000571226270381562390571206222
0.000610077853776046816029754449
0.000183017963491279164137820468
0.003927673310622198550590145061
0.002346230270601932718643745091
-0.012695243598553134292683530759
0.001956499374707132508227624967
-0.003909517000039518241916169927
0.003164298622035662412327328141
-0.012618041128070573222985650830
0.002659724875826877197454445323
0.000691853230239090032094306792
0.000016770024874091414096794264
-0.005656483702273197404497562246
0.001107145527781640140588259591
0.003903150940460907263040990500
-0.001686446181967206359164634932
-0.024936945851421400688341378782
0.010107368911548285025925331126
0.015584720086905132219179392905
-0.002726053812224071403597092100
-0.060640576073482874153164345898
0.053818888868844505513067133506
0.020777049352753290678563757865
-0.001633821773925792954218483288
-0.063470086647569187721096284349
0.142534355699974413234087933233
-0.040984779656798114855220660502
-0.000514152791577215158985714183
-0.024103391480234579585806287128
0.097087340561361798463302363871
-0.000000000651179282485637330093
-0.000000409312526645973803584292
0.000001057028832668310882469823
-0.000025451360703511991846748064
0.000000001747294668453479749827
0.000001329464126762478974705817
-0.000000973264802588354243441425
-0.000010780012509690046058853305
-0.000000064272601722881029681149
0.000051459055872288800130304881
-0.000014908914865050268571300580
0.000031251499185858965554167532
-0.000000163207170658317310197300
-0.000067969924487983467034472873
-0.000053337838761835784987235670
-0.000002420379199537639953500063
-0.000000145725653805413615430494
-0.000071773725763042320975257371
0.000043173199077073119473042795
-0.000007856810925469593823817702
-0.000000081304821398600111066157
0.000064058324120291860277395801
0.000016871672652693495597815698
0.000021715282765378970491988372
-0.000000001121823451336029061961
0.000000309722144463402347071745
0.000000662242487944043261582114
-0.000024364489321540598398092500
ENDSurf
ENDSurfList
